Project,Date,Country,Latitude,Longitude,Site,Condition,Species,Genotype,Temperature,Timepoint,Pam_value,
2022_FJI_Viti_Levu_ElisaJahreis,20220920,FJ,-18.20583554,177.6889888,Vatu-o-lalai,Winter,Porites cylindrica,1,28,420,0.633,
2022_FJI_Viti_Levu_ElisaJahreis,20220920,FJ,-18.20583554,177.6889888,Vatu-o-lalai,Winter,Porites cylindrica,2,28,420,0.622,
2022_FJI_Viti_Levu_ElisaJahreis,20220920,FJ,-18.20583554,177.6889888,Vatu-o-lalai,Winter,Porites cylindrica,3,28,420,0.637,
2022_FJI_Viti_Levu_ElisaJahreis,20220920,FJ,-18.20583554,177.6889888,Vatu-o-lalai,Winter,Porites cylindrica,4,28,420,0.625,
2022_FJI_Viti_Levu_ElisaJahreis,20220920,FJ,-18.20583554,177.6889888,Vatu-o-lalai,Winter,Porites cylindrica,5,28,420,0.609,
2022_FJI_Viti_Levu_ElisaJahreis,20220920,FJ,-18.20583554,177.6889888,Vatu-o-lalai,Winter,Porites cylindrica,6,28,420,0.607,
2022_FJI_Viti_Levu_ElisaJahreis,20220920,FJ,-18.20583554,177.6889888,Vatu-o-lalai,Winter,Porites cylindrica,7,28,420,0.620,
2022_FJI_Viti_Levu_ElisaJahreis,20220920,FJ,-18.20583554,177.6889888,Vatu-o-lalai,Winter,Porites cylindrica,8,28,420,0.616,
2022_FJI_Viti_Levu_ElisaJahreis,20220920,FJ,-18.20583554,177.6889888,Vatu-o-lalai,Winter,Porites cylindrica,9,28,420,0.629,
2022_FJI_Viti_Levu_ElisaJahreis,20220920,FJ,-18.20583554,177.6889888,Vatu-o-lalai,Winter,Porites cylindrica,10,28,420,0.592,
2022_FJI_Viti_Levu_ElisaJahreis,20220920,FJ,-18.20583554,177.6889888,Vatu-o-lalai,Winter,Porites cylindrica,1,34,420,0.617,
2022_FJI_Viti_Levu_ElisaJahreis,20220920,FJ,-18.20583554,177.6889888,Vatu-o-lalai,Winter,Porites cylindrica,2,34,420,0.601,
2022_FJI_Viti_Levu_ElisaJahreis,20220920,FJ,-18.20583554,177.6889888,Vatu-o-lalai,Winter,Porites cylindrica,3,34,420,0.594,
2022_FJI_Viti_Levu_ElisaJahreis,20220920,FJ,-18.20583554,177.6889888,Vatu-o-lalai,Winter,Porites cylindrica,4,34,420,0.567,
2022_FJI_Viti_Levu_ElisaJahreis,20220920,FJ,-18.20583554,177.6889888,Vatu-o-lalai,Winter,Porites cylindrica,5,34,420,0.537,
2022_FJI_Viti_Levu_ElisaJahreis,20220920,FJ,-18.20583554,177.6889888,Vatu-o-lalai,Winter,Porites cylindrica,6,34,420,0.607,
2022_FJI_Viti_Levu_ElisaJahreis,20220920,FJ,-18.20583554,177.6889888,Vatu-o-lalai,Winter,Porites cylindrica,7,34,420,0.548,
2022_FJI_Viti_Levu_ElisaJahreis,20220920,FJ,-18.20583554,177.6889888,Vatu-o-lalai,Winter,Porites cylindrica,8,34,420,0.584,
2022_FJI_Viti_Levu_ElisaJahreis,20220920,FJ,-18.20583554,177.6889888,Vatu-o-lalai,Winter,Porites cylindrica,9,34,420,0.592,
2022_FJI_Viti_Levu_ElisaJahreis,20220920,FJ,-18.20583554,177.6889888,Vatu-o-lalai,Winter,Porites cylindrica,10,34,420,0.504,
2022_FJI_Viti_Levu_ElisaJahreis,20220920,FJ,-18.20583554,177.6889888,Vatu-o-lalai,Winter,Porites cylindrica,1,37,420,0.451,
2022_FJI_Viti_Levu_ElisaJahreis,20220920,FJ,-18.20583554,177.6889888,Vatu-o-lalai,Winter,Porites cylindrica,2,37,420,0.447,
2022_FJI_Viti_Levu_ElisaJahreis,20220920,FJ,-18.20583554,177.6889888,Vatu-o-lalai,Winter,Porites cylindrica,3,37,420,0.472,
2022_FJI_Viti_Levu_ElisaJahreis,20220920,FJ,-18.20583554,177.6889888,Vatu-o-lalai,Winter,Porites cylindrica,4,37,420,0.438,
2022_FJI_Viti_Levu_ElisaJahreis,20220920,FJ,-18.20583554,177.6889888,Vatu-o-lalai,Winter,Porites cylindrica,5,37,420,0.434,
2022_FJI_Viti_Levu_ElisaJahreis,20220920,FJ,-18.20583554,177.6889888,Vatu-o-lalai,Winter,Porites cylindrica,6,37,420,0.482,
2022_FJI_Viti_Levu_ElisaJahreis,20220920,FJ,-18.20583554,177.6889888,Vatu-o-lalai,Winter,Porites cylindrica,7,37,420,0.474,
2022_FJI_Viti_Levu_ElisaJahreis,20220920,FJ,-18.20583554,177.6889888,Vatu-o-lalai,Winter,Porites cylindrica,8,37,420,0.422,
2022_FJI_Viti_Levu_ElisaJahreis,20220920,FJ,-18.20583554,177.6889888,Vatu-o-lalai,Winter,Porites cylindrica,9,37,420,0.442,
2022_FJI_Viti_Levu_ElisaJahreis,20220920,FJ,-18.20583554,177.6889888,Vatu-o-lalai,Winter,Porites cylindrica,10,37,420,0.470,
2022_FJI_Viti_Levu_ElisaJahreis,20220920,FJ,-18.20583554,177.6889888,Vatu-o-lalai,Winter,Porites cylindrica,1,39,420,0.055,
2022_FJI_Viti_Levu_ElisaJahreis,20220920,FJ,-18.20583554,177.6889888,Vatu-o-lalai,Winter,Porites cylindrica,2,39,420,0.078,
2022_FJI_Viti_Levu_ElisaJahreis,20220920,FJ,-18.20583554,177.6889888,Vatu-o-lalai,Winter,Porites cylindrica,3,39,420,0.006,
2022_FJI_Viti_Levu_ElisaJahreis,20220920,FJ,-18.20583554,177.6889888,Vatu-o-lalai,Winter,Porites cylindrica,4,39,420,0.047,
2022_FJI_Viti_Levu_ElisaJahreis,20220920,FJ,-18.20583554,177.6889888,Vatu-o-lalai,Winter,Porites cylindrica,5,39,420,0.009,
2022_FJI_Viti_Levu_ElisaJahreis,20220920,FJ,-18.20583554,177.6889888,Vatu-o-lalai,Winter,Porites cylindrica,6,39,420,0.281,
2022_FJI_Viti_Levu_ElisaJahreis,20220920,FJ,-18.20583554,177.6889888,Vatu-o-lalai,Winter,Porites cylindrica,7,39,420,0.062,
2022_FJI_Viti_Levu_ElisaJahreis,20220920,FJ,-18.20583554,177.6889888,Vatu-o-lalai,Winter,Porites cylindrica,8,39,420,0.060,
2022_FJI_Viti_Levu_ElisaJahreis,20220920,FJ,-18.20583554,177.6889888,Vatu-o-lalai,Winter,Porites cylindrica,9,39,420,0.000,
2022_FJI_Viti_Levu_ElisaJahreis,20220920,FJ,-18.20583554,177.6889888,Vatu-o-lalai,Winter,Porites cylindrica,10,39,420,0.009,
2022_FJI_Viti_Levu_ElisaJahreis,20221129,FJ,-18.20583554,177.6889888,Vatu-o-lalai,Summer,Porites cylindrica,1,28,420,0.631,
2022_FJI_Viti_Levu_ElisaJahreis,20221129,FJ,-18.20583554,177.6889888,Vatu-o-lalai,Summer,Porites cylindrica,2,28,420,0.646,
2022_FJI_Viti_Levu_ElisaJahreis,20221129,FJ,-18.20583554,177.6889888,Vatu-o-lalai,Summer,Porites cylindrica,3,28,420,0.637,
2022_FJI_Viti_Levu_ElisaJahreis,20221129,FJ,-18.20583554,177.6889888,Vatu-o-lalai,Summer,Porites cylindrica,4,28,420,0.630,
2022_FJI_Viti_Levu_ElisaJahreis,20221129,FJ,-18.20583554,177.6889888,Vatu-o-lalai,Summer,Porites cylindrica,5,28,420,0.644,
2022_FJI_Viti_Levu_ElisaJahreis,20221129,FJ,-18.20583554,177.6889888,Vatu-o-lalai,Summer,Porites cylindrica,6,28,420,0.615,
2022_FJI_Viti_Levu_ElisaJahreis,20221129,FJ,-18.20583554,177.6889888,Vatu-o-lalai,Summer,Porites cylindrica,7,28,420,0.617,
2022_FJI_Viti_Levu_ElisaJahreis,20221129,FJ,-18.20583554,177.6889888,Vatu-o-lalai,Summer,Porites cylindrica,8,28,420,0.628,
2022_FJI_Viti_Levu_ElisaJahreis,20221129,FJ,-18.20583554,177.6889888,Vatu-o-lalai,Summer,Porites cylindrica,9,28,420,0.624,
2022_FJI_Viti_Levu_ElisaJahreis,20221129,FJ,-18.20583554,177.6889888,Vatu-o-lalai,Summer,Porites cylindrica,10,28,420,0.632,
2022_FJI_Viti_Levu_ElisaJahreis,20221129,FJ,-18.20583554,177.6889888,Vatu-o-lalai,Summer,Porites cylindrica,1,34,420,0.640,
2022_FJI_Viti_Levu_ElisaJahreis,20221129,FJ,-18.20583554,177.6889888,Vatu-o-lalai,Summer,Porites cylindrica,2,34,420,0.617,
2022_FJI_Viti_Levu_ElisaJahreis,20221129,FJ,-18.20583554,177.6889888,Vatu-o-lalai,Summer,Porites cylindrica,3,34,420,0.636,
2022_FJI_Viti_Levu_ElisaJahreis,20221129,FJ,-18.20583554,177.6889888,Vatu-o-lalai,Summer,Porites cylindrica,4,34,420,0.607,
2022_FJI_Viti_Levu_ElisaJahreis,20221129,FJ,-18.20583554,177.6889888,Vatu-o-lalai,Summer,Porites cylindrica,5,34,420,0.598,
2022_FJI_Viti_Levu_ElisaJahreis,20221129,FJ,-18.20583554,177.6889888,Vatu-o-lalai,Summer,Porites cylindrica,6,34,420,0.617,
2022_FJI_Viti_Levu_ElisaJahreis,20221129,FJ,-18.20583554,177.6889888,Vatu-o-lalai,Summer,Porites cylindrica,7,34,420,0.612,
2022_FJI_Viti_Levu_ElisaJahreis,20221129,FJ,-18.20583554,177.6889888,Vatu-o-lalai,Summer,Porites cylindrica,8,34,420,0.630,
2022_FJI_Viti_Levu_ElisaJahreis,20221129,FJ,-18.20583554,177.6889888,Vatu-o-lalai,Summer,Porites cylindrica,9,34,420,0.635,
2022_FJI_Viti_Levu_ElisaJahreis,20221129,FJ,-18.20583554,177.6889888,Vatu-o-lalai,Summer,Porites cylindrica,10,34,420,0.619,
2022_FJI_Viti_Levu_ElisaJahreis,20221129,FJ,-18.20583554,177.6889888,Vatu-o-lalai,Summer,Porites cylindrica,1,37,420,0.565,
2022_FJI_Viti_Levu_ElisaJahreis,20221129,FJ,-18.20583554,177.6889888,Vatu-o-lalai,Summer,Porites cylindrica,2,37,420,0.500,
2022_FJI_Viti_Levu_ElisaJahreis,20221129,FJ,-18.20583554,177.6889888,Vatu-o-lalai,Summer,Porites cylindrica,3,37,420,0.526,
2022_FJI_Viti_Levu_ElisaJahreis,20221129,FJ,-18.20583554,177.6889888,Vatu-o-lalai,Summer,Porites cylindrica,4,37,420,0.495,
2022_FJI_Viti_Levu_ElisaJahreis,20221129,FJ,-18.20583554,177.6889888,Vatu-o-lalai,Summer,Porites cylindrica,5,37,420,0.445,
2022_FJI_Viti_Levu_ElisaJahreis,20221129,FJ,-18.20583554,177.6889888,Vatu-o-lalai,Summer,Porites cylindrica,6,37,420,0.533,
2022_FJI_Viti_Levu_ElisaJahreis,20221129,FJ,-18.20583554,177.6889888,Vatu-o-lalai,Summer,Porites cylindrica,7,37,420,0.531,
2022_FJI_Viti_Levu_ElisaJahreis,20221129,FJ,-18.20583554,177.6889888,Vatu-o-lalai,Summer,Porites cylindrica,8,37,420,0.549,
2022_FJI_Viti_Levu_ElisaJahreis,20221129,FJ,-18.20583554,177.6889888,Vatu-o-lalai,Summer,Porites cylindrica,9,37,420,0.525,
2022_FJI_Viti_Levu_ElisaJahreis,20221129,FJ,-18.20583554,177.6889888,Vatu-o-lalai,Summer,Porites cylindrica,10,37,420,0.547,
2022_FJI_Viti_Levu_ElisaJahreis,20221129,FJ,-18.20583554,177.6889888,Vatu-o-lalai,Summer,Porites cylindrica,1,39,420,0.020,
2022_FJI_Viti_Levu_ElisaJahreis,20221129,FJ,-18.20583554,177.6889888,Vatu-o-lalai,Summer,Porites cylindrica,2,39,420,0.052,
2022_FJI_Viti_Levu_ElisaJahreis,20221129,FJ,-18.20583554,177.6889888,Vatu-o-lalai,Summer,Porites cylindrica,3,39,420,0.011,
2022_FJI_Viti_Levu_ElisaJahreis,20221129,FJ,-18.20583554,177.6889888,Vatu-o-lalai,Summer,Porites cylindrica,4,39,420,0.085,
2022_FJI_Viti_Levu_ElisaJahreis,20221129,FJ,-18.20583554,177.6889888,Vatu-o-lalai,Summer,Porites cylindrica,5,39,420,0.040,
2022_FJI_Viti_Levu_ElisaJahreis,20221129,FJ,-18.20583554,177.6889888,Vatu-o-lalai,Summer,Porites cylindrica,6,39,420,0.023,
2022_FJI_Viti_Levu_ElisaJahreis,20221129,FJ,-18.20583554,177.6889888,Vatu-o-lalai,Summer,Porites cylindrica,7,39,420,0.017,
2022_FJI_Viti_Levu_ElisaJahreis,20221129,FJ,-18.20583554,177.6889888,Vatu-o-lalai,Summer,Porites cylindrica,8,39,420,0.025,
2022_FJI_Viti_Levu_ElisaJahreis,20221129,FJ,-18.20583554,177.6889888,Vatu-o-lalai,Summer,Porites cylindrica,9,39,420,0.004,
2022_FJI_Viti_Levu_ElisaJahreis,20221129,FJ,-18.20583554,177.6889888,Vatu-o-lalai,Summer,Porites cylindrica,10,39,420,0.122,
2022_FJI_Viti_Levu_ElisaJahreis,20220924,FJ,-18.21439537,177.7107388,Votua,Winter,Porites cylindrica,1,28,420,0.611,
2022_FJI_Viti_Levu_ElisaJahreis,20220924,FJ,-18.21439537,177.7107388,Votua,Winter,Porites cylindrica,2,28,420,0.626,
2022_FJI_Viti_Levu_ElisaJahreis,20220924,FJ,-18.21439537,177.7107388,Votua,Winter,Porites cylindrica,3,28,420,0.631,
2022_FJI_Viti_Levu_ElisaJahreis,20220924,FJ,-18.21439537,177.7107388,Votua,Winter,Porites cylindrica,4,28,420,0.625,
2022_FJI_Viti_Levu_ElisaJahreis,20220924,FJ,-18.21439537,177.7107388,Votua,Winter,Porites cylindrica,5,28,420,0.617,
2022_FJI_Viti_Levu_ElisaJahreis,20220924,FJ,-18.21439537,177.7107388,Votua,Winter,Porites cylindrica,6,28,420,0.620,
2022_FJI_Viti_Levu_ElisaJahreis,20220924,FJ,-18.21439537,177.7107388,Votua,Winter,Porites cylindrica,7,28,420,0.626,
2022_FJI_Viti_Levu_ElisaJahreis,20220924,FJ,-18.21439537,177.7107388,Votua,Winter,Porites cylindrica,8,28,420,0.621,
2022_FJI_Viti_Levu_ElisaJahreis,20220924,FJ,-18.21439537,177.7107388,Votua,Winter,Porites cylindrica,9,28,420,0.622,
2022_FJI_Viti_Levu_ElisaJahreis,20220924,FJ,-18.21439537,177.7107388,Votua,Winter,Porites cylindrica,10,28,420,0.616,
2022_FJI_Viti_Levu_ElisaJahreis,20220924,FJ,-18.21439537,177.7107388,Votua,Winter,Porites cylindrica,1,34,420,0.598,
2022_FJI_Viti_Levu_ElisaJahreis,20220924,FJ,-18.21439537,177.7107388,Votua,Winter,Porites cylindrica,2,34,420,0.602,
2022_FJI_Viti_Levu_ElisaJahreis,20220924,FJ,-18.21439537,177.7107388,Votua,Winter,Porites cylindrica,3,34,420,0.622,
2022_FJI_Viti_Levu_ElisaJahreis,20220924,FJ,-18.21439537,177.7107388,Votua,Winter,Porites cylindrica,4,34,420,0.583,
2022_FJI_Viti_Levu_ElisaJahreis,20220924,FJ,-18.21439537,177.7107388,Votua,Winter,Porites cylindrica,5,34,420,0.600,
2022_FJI_Viti_Levu_ElisaJahreis,20220924,FJ,-18.21439537,177.7107388,Votua,Winter,Porites cylindrica,6,34,420,0.607,
2022_FJI_Viti_Levu_ElisaJahreis,20220924,FJ,-18.21439537,177.7107388,Votua,Winter,Porites cylindrica,7,34,420,0.625,
2022_FJI_Viti_Levu_ElisaJahreis,20220924,FJ,-18.21439537,177.7107388,Votua,Winter,Porites cylindrica,8,34,420,0.622,
2022_FJI_Viti_Levu_ElisaJahreis,20220924,FJ,-18.21439537,177.7107388,Votua,Winter,Porites cylindrica,9,34,420,0.611,
2022_FJI_Viti_Levu_ElisaJahreis,20220924,FJ,-18.21439537,177.7107388,Votua,Winter,Porites cylindrica,10,34,420,0.602,
2022_FJI_Viti_Levu_ElisaJahreis,20220924,FJ,-18.21439537,177.7107388,Votua,Winter,Porites cylindrica,1,37,420,0.456,
2022_FJI_Viti_Levu_ElisaJahreis,20220924,FJ,-18.21439537,177.7107388,Votua,Winter,Porites cylindrica,2,37,420,0.396,
2022_FJI_Viti_Levu_ElisaJahreis,20220924,FJ,-18.21439537,177.7107388,Votua,Winter,Porites cylindrica,3,37,420,0.497,
2022_FJI_Viti_Levu_ElisaJahreis,20220924,FJ,-18.21439537,177.7107388,Votua,Winter,Porites cylindrica,4,37,420,0.456,
2022_FJI_Viti_Levu_ElisaJahreis,20220924,FJ,-18.21439537,177.7107388,Votua,Winter,Porites cylindrica,5,37,420,0.512,
2022_FJI_Viti_Levu_ElisaJahreis,20220924,FJ,-18.21439537,177.7107388,Votua,Winter,Porites cylindrica,6,37,420,0.519,
2022_FJI_Viti_Levu_ElisaJahreis,20220924,FJ,-18.21439537,177.7107388,Votua,Winter,Porites cylindrica,7,37,420,0.509,
2022_FJI_Viti_Levu_ElisaJahreis,20220924,FJ,-18.21439537,177.7107388,Votua,Winter,Porites cylindrica,8,37,420,0.499,
2022_FJI_Viti_Levu_ElisaJahreis,20220924,FJ,-18.21439537,177.7107388,Votua,Winter,Porites cylindrica,9,37,420,0.511,
2022_FJI_Viti_Levu_ElisaJahreis,20220924,FJ,-18.21439537,177.7107388,Votua,Winter,Porites cylindrica,10,37,420,0.487,
2022_FJI_Viti_Levu_ElisaJahreis,20220924,FJ,-18.21439537,177.7107388,Votua,Winter,Porites cylindrica,1,39,420,0.000,
2022_FJI_Viti_Levu_ElisaJahreis,20220924,FJ,-18.21439537,177.7107388,Votua,Winter,Porites cylindrica,2,39,420,0.005,
2022_FJI_Viti_Levu_ElisaJahreis,20220924,FJ,-18.21439537,177.7107388,Votua,Winter,Porites cylindrica,3,39,420,0.126,
2022_FJI_Viti_Levu_ElisaJahreis,20220924,FJ,-18.21439537,177.7107388,Votua,Winter,Porites cylindrica,4,39,420,0.029,
2022_FJI_Viti_Levu_ElisaJahreis,20220924,FJ,-18.21439537,177.7107388,Votua,Winter,Porites cylindrica,5,39,420,0.046,
2022_FJI_Viti_Levu_ElisaJahreis,20220924,FJ,-18.21439537,177.7107388,Votua,Winter,Porites cylindrica,6,39,420,0.013,
2022_FJI_Viti_Levu_ElisaJahreis,20220924,FJ,-18.21439537,177.7107388,Votua,Winter,Porites cylindrica,7,39,420,0.214,
2022_FJI_Viti_Levu_ElisaJahreis,20220924,FJ,-18.21439537,177.7107388,Votua,Winter,Porites cylindrica,8,39,420,0.056,
2022_FJI_Viti_Levu_ElisaJahreis,20220924,FJ,-18.21439537,177.7107388,Votua,Winter,Porites cylindrica,9,39,420,0.010,
2022_FJI_Viti_Levu_ElisaJahreis,20220924,FJ,-18.21439537,177.7107388,Votua,Winter,Porites cylindrica,10,39,420,0.059,
2022_FJI_Viti_Levu_ElisaJahreis,20221122,FJ,-18.21439537,177.7107388,Votua,Summer,Porites cylindrica,1,28,420,0.616,
2022_FJI_Viti_Levu_ElisaJahreis,20221122,FJ,-18.21439537,177.7107388,Votua,Summer,Porites cylindrica,2,28,420,0.613,
2022_FJI_Viti_Levu_ElisaJahreis,20221122,FJ,-18.21439537,177.7107388,Votua,Summer,Porites cylindrica,3,28,420,0.635,
2022_FJI_Viti_Levu_ElisaJahreis,20221122,FJ,-18.21439537,177.7107388,Votua,Summer,Porites cylindrica,4,28,420,0.625,
2022_FJI_Viti_Levu_ElisaJahreis,20221122,FJ,-18.21439537,177.7107388,Votua,Summer,Porites cylindrica,5,28,420,0.629,
2022_FJI_Viti_Levu_ElisaJahreis,20221122,FJ,-18.21439537,177.7107388,Votua,Summer,Porites cylindrica,6,28,420,0.638,
2022_FJI_Viti_Levu_ElisaJahreis,20221122,FJ,-18.21439537,177.7107388,Votua,Summer,Porites cylindrica,7,28,420,0.621,
2022_FJI_Viti_Levu_ElisaJahreis,20221122,FJ,-18.21439537,177.7107388,Votua,Summer,Porites cylindrica,8,28,420,0.621,
2022_FJI_Viti_Levu_ElisaJahreis,20221122,FJ,-18.21439537,177.7107388,Votua,Summer,Porites cylindrica,9,28,420,0.633,
2022_FJI_Viti_Levu_ElisaJahreis,20221122,FJ,-18.21439537,177.7107388,Votua,Summer,Porites cylindrica,10,28,420,0.612,
2022_FJI_Viti_Levu_ElisaJahreis,20221122,FJ,-18.21439537,177.7107388,Votua,Summer,Porites cylindrica,1,34,420,0.610,
2022_FJI_Viti_Levu_ElisaJahreis,20221122,FJ,-18.21439537,177.7107388,Votua,Summer,Porites cylindrica,2,34,420,0.593,
2022_FJI_Viti_Levu_ElisaJahreis,20221122,FJ,-18.21439537,177.7107388,Votua,Summer,Porites cylindrica,3,34,420,0.628,
2022_FJI_Viti_Levu_ElisaJahreis,20221122,FJ,-18.21439537,177.7107388,Votua,Summer,Porites cylindrica,4,34,420,0.607,
2022_FJI_Viti_Levu_ElisaJahreis,20221122,FJ,-18.21439537,177.7107388,Votua,Summer,Porites cylindrica,5,34,420,0.622,
2022_FJI_Viti_Levu_ElisaJahreis,20221122,FJ,-18.21439537,177.7107388,Votua,Summer,Porites cylindrica,6,34,420,0.629,
2022_FJI_Viti_Levu_ElisaJahreis,20221122,FJ,-18.21439537,177.7107388,Votua,Summer,Porites cylindrica,7,34,420,0.613,
2022_FJI_Viti_Levu_ElisaJahreis,20221122,FJ,-18.21439537,177.7107388,Votua,Summer,Porites cylindrica,8,34,420,0.621,
2022_FJI_Viti_Levu_ElisaJahreis,20221122,FJ,-18.21439537,177.7107388,Votua,Summer,Porites cylindrica,9,34,420,0.604,
2022_FJI_Viti_Levu_ElisaJahreis,20221122,FJ,-18.21439537,177.7107388,Votua,Summer,Porites cylindrica,10,34,420,0.618,
2022_FJI_Viti_Levu_ElisaJahreis,20221122,FJ,-18.21439537,177.7107388,Votua,Summer,Porites cylindrica,1,37,420,0.502,
2022_FJI_Viti_Levu_ElisaJahreis,20221122,FJ,-18.21439537,177.7107388,Votua,Summer,Porites cylindrica,2,37,420,0.425,
2022_FJI_Viti_Levu_ElisaJahreis,20221122,FJ,-18.21439537,177.7107388,Votua,Summer,Porites cylindrica,3,37,420,0.533,
2022_FJI_Viti_Levu_ElisaJahreis,20221122,FJ,-18.21439537,177.7107388,Votua,Summer,Porites cylindrica,4,37,420,0.457,
2022_FJI_Viti_Levu_ElisaJahreis,20221122,FJ,-18.21439537,177.7107388,Votua,Summer,Porites cylindrica,5,37,420,0.524,
2022_FJI_Viti_Levu_ElisaJahreis,20221122,FJ,-18.21439537,177.7107388,Votua,Summer,Porites cylindrica,6,37,420,0.471,
2022_FJI_Viti_Levu_ElisaJahreis,20221122,FJ,-18.21439537,177.7107388,Votua,Summer,Porites cylindrica,7,37,420,0.495,
2022_FJI_Viti_Levu_ElisaJahreis,20221122,FJ,-18.21439537,177.7107388,Votua,Summer,Porites cylindrica,8,37,420,0.524,
2022_FJI_Viti_Levu_ElisaJahreis,20221122,FJ,-18.21439537,177.7107388,Votua,Summer,Porites cylindrica,9,37,420,0.505,
2022_FJI_Viti_Levu_ElisaJahreis,20221122,FJ,-18.21439537,177.7107388,Votua,Summer,Porites cylindrica,10,37,420,0.490,
2022_FJI_Viti_Levu_ElisaJahreis,20221122,FJ,-18.21439537,177.7107388,Votua,Summer,Porites cylindrica,1,39,420,0.000,
2022_FJI_Viti_Levu_ElisaJahreis,20221122,FJ,-18.21439537,177.7107388,Votua,Summer,Porites cylindrica,2,39,420,0.014,
2022_FJI_Viti_Levu_ElisaJahreis,20221122,FJ,-18.21439537,177.7107388,Votua,Summer,Porites cylindrica,3,39,420,0.126,
2022_FJI_Viti_Levu_ElisaJahreis,20221122,FJ,-18.21439537,177.7107388,Votua,Summer,Porites cylindrica,4,39,420,0.013,
2022_FJI_Viti_Levu_ElisaJahreis,20221122,FJ,-18.21439537,177.7107388,Votua,Summer,Porites cylindrica,5,39,420,0.228,
2022_FJI_Viti_Levu_ElisaJahreis,20221122,FJ,-18.21439537,177.7107388,Votua,Summer,Porites cylindrica,6,39,420,0.006,
2022_FJI_Viti_Levu_ElisaJahreis,20221122,FJ,-18.21439537,177.7107388,Votua,Summer,Porites cylindrica,7,39,420,0.102,
2022_FJI_Viti_Levu_ElisaJahreis,20221122,FJ,-18.21439537,177.7107388,Votua,Summer,Porites cylindrica,8,39,420,0.016,
2022_FJI_Viti_Levu_ElisaJahreis,20221122,FJ,-18.21439537,177.7107388,Votua,Summer,Porites cylindrica,9,39,420,0.028,
2022_FJI_Viti_Levu_ElisaJahreis,20221122,FJ,-18.21439537,177.7107388,Votua,Summer,Porites cylindrica,10,39,420,0.008,
2022_FJI_Viti_Levu_ElisaJahreis,20220930,FJ,-18.20583554,177.6889888,Vatu-o-lalai,Winter,Acropora cf. samoensis,1,28,420,0.621,
2022_FJI_Viti_Levu_ElisaJahreis,20220930,FJ,-18.20583554,177.6889888,Vatu-o-lalai,Winter,Acropora cf. samoensis,2,28,420,0.630,
2022_FJI_Viti_Levu_ElisaJahreis,20220930,FJ,-18.20583554,177.6889888,Vatu-o-lalai,Winter,Acropora cf. samoensis,3,28,420,0.592,
2022_FJI_Viti_Levu_ElisaJahreis,20220930,FJ,-18.20583554,177.6889888,Vatu-o-lalai,Winter,Acropora cf. samoensis,4,28,420,0.639,
2022_FJI_Viti_Levu_ElisaJahreis,20220930,FJ,-18.20583554,177.6889888,Vatu-o-lalai,Winter,Acropora cf. samoensis,5,28,420,0.659,
2022_FJI_Viti_Levu_ElisaJahreis,20220930,FJ,-18.20583554,177.6889888,Vatu-o-lalai,Winter,Acropora cf. samoensis,6,28,420,0.616,
2022_FJI_Viti_Levu_ElisaJahreis,20220930,FJ,-18.20583554,177.6889888,Vatu-o-lalai,Winter,Acropora cf. samoensis,7,28,420,0.605,
2022_FJI_Viti_Levu_ElisaJahreis,20220930,FJ,-18.20583554,177.6889888,Vatu-o-lalai,Winter,Acropora cf. samoensis,8,28,420,0.624,
2022_FJI_Viti_Levu_ElisaJahreis,20220930,FJ,-18.20583554,177.6889888,Vatu-o-lalai,Winter,Acropora cf. samoensis,9,28,420,0.646,
2022_FJI_Viti_Levu_ElisaJahreis,20220930,FJ,-18.20583554,177.6889888,Vatu-o-lalai,Winter,Acropora cf. samoensis,10,28,420,0.616,
2022_FJI_Viti_Levu_ElisaJahreis,20220930,FJ,-18.20583554,177.6889888,Vatu-o-lalai,Winter,Acropora cf. samoensis,1,34,420,0.627,
2022_FJI_Viti_Levu_ElisaJahreis,20220930,FJ,-18.20583554,177.6889888,Vatu-o-lalai,Winter,Acropora cf. samoensis,2,34,420,0.609,
2022_FJI_Viti_Levu_ElisaJahreis,20220930,FJ,-18.20583554,177.6889888,Vatu-o-lalai,Winter,Acropora cf. samoensis,3,34,420,0.619,
2022_FJI_Viti_Levu_ElisaJahreis,20220930,FJ,-18.20583554,177.6889888,Vatu-o-lalai,Winter,Acropora cf. samoensis,4,34,420,0.627,
2022_FJI_Viti_Levu_ElisaJahreis,20220930,FJ,-18.20583554,177.6889888,Vatu-o-lalai,Winter,Acropora cf. samoensis,5,34,420,0.616,
2022_FJI_Viti_Levu_ElisaJahreis,20220930,FJ,-18.20583554,177.6889888,Vatu-o-lalai,Winter,Acropora cf. samoensis,6,34,420,0.616,
2022_FJI_Viti_Levu_ElisaJahreis,20220930,FJ,-18.20583554,177.6889888,Vatu-o-lalai,Winter,Acropora cf. samoensis,7,34,420,0.574,
2022_FJI_Viti_Levu_ElisaJahreis,20220930,FJ,-18.20583554,177.6889888,Vatu-o-lalai,Winter,Acropora cf. samoensis,8,34,420,0.612,
2022_FJI_Viti_Levu_ElisaJahreis,20220930,FJ,-18.20583554,177.6889888,Vatu-o-lalai,Winter,Acropora cf. samoensis,9,34,420,0.605,
2022_FJI_Viti_Levu_ElisaJahreis,20220930,FJ,-18.20583554,177.6889888,Vatu-o-lalai,Winter,Acropora cf. samoensis,10,34,420,0.591,
2022_FJI_Viti_Levu_ElisaJahreis,20220930,FJ,-18.20583554,177.6889888,Vatu-o-lalai,Winter,Acropora cf. samoensis,1,37,420,0.125,
2022_FJI_Viti_Levu_ElisaJahreis,20220930,FJ,-18.20583554,177.6889888,Vatu-o-lalai,Winter,Acropora cf. samoensis,2,37,420,0.192,
2022_FJI_Viti_Levu_ElisaJahreis,20220930,FJ,-18.20583554,177.6889888,Vatu-o-lalai,Winter,Acropora cf. samoensis,3,37,420,0.145,
2022_FJI_Viti_Levu_ElisaJahreis,20220930,FJ,-18.20583554,177.6889888,Vatu-o-lalai,Winter,Acropora cf. samoensis,4,37,420,0.190,
2022_FJI_Viti_Levu_ElisaJahreis,20220930,FJ,-18.20583554,177.6889888,Vatu-o-lalai,Winter,Acropora cf. samoensis,5,37,420,0.195,
2022_FJI_Viti_Levu_ElisaJahreis,20220930,FJ,-18.20583554,177.6889888,Vatu-o-lalai,Winter,Acropora cf. samoensis,6,37,420,0.181,
2022_FJI_Viti_Levu_ElisaJahreis,20220930,FJ,-18.20583554,177.6889888,Vatu-o-lalai,Winter,Acropora cf. samoensis,7,37,420,0.110,
2022_FJI_Viti_Levu_ElisaJahreis,20220930,FJ,-18.20583554,177.6889888,Vatu-o-lalai,Winter,Acropora cf. samoensis,8,37,420,0.161,
2022_FJI_Viti_Levu_ElisaJahreis,20220930,FJ,-18.20583554,177.6889888,Vatu-o-lalai,Winter,Acropora cf. samoensis,9,37,420,0.227,
2022_FJI_Viti_Levu_ElisaJahreis,20220930,FJ,-18.20583554,177.6889888,Vatu-o-lalai,Winter,Acropora cf. samoensis,10,37,420,0.116,
2022_FJI_Viti_Levu_ElisaJahreis,20220930,FJ,-18.20583554,177.6889888,Vatu-o-lalai,Winter,Acropora cf. samoensis,1,39,420,0.000,
2022_FJI_Viti_Levu_ElisaJahreis,20220930,FJ,-18.20583554,177.6889888,Vatu-o-lalai,Winter,Acropora cf. samoensis,2,39,420,0.000,
2022_FJI_Viti_Levu_ElisaJahreis,20220930,FJ,-18.20583554,177.6889888,Vatu-o-lalai,Winter,Acropora cf. samoensis,3,39,420,0.051,
2022_FJI_Viti_Levu_ElisaJahreis,20220930,FJ,-18.20583554,177.6889888,Vatu-o-lalai,Winter,Acropora cf. samoensis,4,39,420,0.000,
2022_FJI_Viti_Levu_ElisaJahreis,20220930,FJ,-18.20583554,177.6889888,Vatu-o-lalai,Winter,Acropora cf. samoensis,5,39,420,0.000,
2022_FJI_Viti_Levu_ElisaJahreis,20220930,FJ,-18.20583554,177.6889888,Vatu-o-lalai,Winter,Acropora cf. samoensis,6,39,420,0.003,
2022_FJI_Viti_Levu_ElisaJahreis,20220930,FJ,-18.20583554,177.6889888,Vatu-o-lalai,Winter,Acropora cf. samoensis,7,39,420,0.000,
2022_FJI_Viti_Levu_ElisaJahreis,20220930,FJ,-18.20583554,177.6889888,Vatu-o-lalai,Winter,Acropora cf. samoensis,8,39,420,0.000,
2022_FJI_Viti_Levu_ElisaJahreis,20220930,FJ,-18.20583554,177.6889888,Vatu-o-lalai,Winter,Acropora cf. samoensis,9,39,420,0.000,
2022_FJI_Viti_Levu_ElisaJahreis,20220930,FJ,-18.20583554,177.6889888,Vatu-o-lalai,Winter,Acropora cf. samoensis,10,39,420,0.000,
2022_FJI_Viti_Levu_ElisaJahreis,20221201,FJ,-18.20583554,177.6889888,Vatu-o-lalai,Summer,Acropora cf. samoensis,1,28,420,0.630,
2022_FJI_Viti_Levu_ElisaJahreis,20221201,FJ,-18.20583554,177.6889888,Vatu-o-lalai,Summer,Acropora cf. samoensis,2,28,420,0.645,
2022_FJI_Viti_Levu_ElisaJahreis,20221201,FJ,-18.20583554,177.6889888,Vatu-o-lalai,Summer,Acropora cf. samoensis,3,28,420,0.628,
2022_FJI_Viti_Levu_ElisaJahreis,20221201,FJ,-18.20583554,177.6889888,Vatu-o-lalai,Summer,Acropora cf. samoensis,4,28,420,0.648,
2022_FJI_Viti_Levu_ElisaJahreis,20221201,FJ,-18.20583554,177.6889888,Vatu-o-lalai,Summer,Acropora cf. samoensis,5,28,420,0.643,
2022_FJI_Viti_Levu_ElisaJahreis,20221201,FJ,-18.20583554,177.6889888,Vatu-o-lalai,Summer,Acropora cf. samoensis,6,28,420,0.651,
2022_FJI_Viti_Levu_ElisaJahreis,20221201,FJ,-18.20583554,177.6889888,Vatu-o-lalai,Summer,Acropora cf. samoensis,7,28,420,0.619,
2022_FJI_Viti_Levu_ElisaJahreis,20221201,FJ,-18.20583554,177.6889888,Vatu-o-lalai,Summer,Acropora cf. samoensis,8,28,420,0.621,
2022_FJI_Viti_Levu_ElisaJahreis,20221201,FJ,-18.20583554,177.6889888,Vatu-o-lalai,Summer,Acropora cf. samoensis,9,28,420,0.621,
2022_FJI_Viti_Levu_ElisaJahreis,20221201,FJ,-18.20583554,177.6889888,Vatu-o-lalai,Summer,Acropora cf. samoensis,10,28,420,0.629,
2022_FJI_Viti_Levu_ElisaJahreis,20221201,FJ,-18.20583554,177.6889888,Vatu-o-lalai,Summer,Acropora cf. samoensis,1,34,420,0.619,
2022_FJI_Viti_Levu_ElisaJahreis,20221201,FJ,-18.20583554,177.6889888,Vatu-o-lalai,Summer,Acropora cf. samoensis,2,34,420,0.647,
2022_FJI_Viti_Levu_ElisaJahreis,20221201,FJ,-18.20583554,177.6889888,Vatu-o-lalai,Summer,Acropora cf. samoensis,3,34,420,0.594,
2022_FJI_Viti_Levu_ElisaJahreis,20221201,FJ,-18.20583554,177.6889888,Vatu-o-lalai,Summer,Acropora cf. samoensis,4,34,420,0.630,
2022_FJI_Viti_Levu_ElisaJahreis,20221201,FJ,-18.20583554,177.6889888,Vatu-o-lalai,Summer,Acropora cf. samoensis,5,34,420,0.620,
2022_FJI_Viti_Levu_ElisaJahreis,20221201,FJ,-18.20583554,177.6889888,Vatu-o-lalai,Summer,Acropora cf. samoensis,6,34,420,0.574,
2022_FJI_Viti_Levu_ElisaJahreis,20221201,FJ,-18.20583554,177.6889888,Vatu-o-lalai,Summer,Acropora cf. samoensis,7,34,420,0.611,
2022_FJI_Viti_Levu_ElisaJahreis,20221201,FJ,-18.20583554,177.6889888,Vatu-o-lalai,Summer,Acropora cf. samoensis,8,34,420,0.618,
2022_FJI_Viti_Levu_ElisaJahreis,20221201,FJ,-18.20583554,177.6889888,Vatu-o-lalai,Summer,Acropora cf. samoensis,9,34,420,0.611,
2022_FJI_Viti_Levu_ElisaJahreis,20221201,FJ,-18.20583554,177.6889888,Vatu-o-lalai,Summer,Acropora cf. samoensis,10,34,420,0.607,
2022_FJI_Viti_Levu_ElisaJahreis,20221201,FJ,-18.20583554,177.6889888,Vatu-o-lalai,Summer,Acropora cf. samoensis,1,37,420,0.160,
2022_FJI_Viti_Levu_ElisaJahreis,20221201,FJ,-18.20583554,177.6889888,Vatu-o-lalai,Summer,Acropora cf. samoensis,2,37,420,0.219,
2022_FJI_Viti_Levu_ElisaJahreis,20221201,FJ,-18.20583554,177.6889888,Vatu-o-lalai,Summer,Acropora cf. samoensis,3,37,420,0.159,
2022_FJI_Viti_Levu_ElisaJahreis,20221201,FJ,-18.20583554,177.6889888,Vatu-o-lalai,Summer,Acropora cf. samoensis,4,37,420,0.259,
2022_FJI_Viti_Levu_ElisaJahreis,20221201,FJ,-18.20583554,177.6889888,Vatu-o-lalai,Summer,Acropora cf. samoensis,5,37,420,0.185,
2022_FJI_Viti_Levu_ElisaJahreis,20221201,FJ,-18.20583554,177.6889888,Vatu-o-lalai,Summer,Acropora cf. samoensis,6,37,420,0.124,
2022_FJI_Viti_Levu_ElisaJahreis,20221201,FJ,-18.20583554,177.6889888,Vatu-o-lalai,Summer,Acropora cf. samoensis,7,37,420,0.050,
2022_FJI_Viti_Levu_ElisaJahreis,20221201,FJ,-18.20583554,177.6889888,Vatu-o-lalai,Summer,Acropora cf. samoensis,8,37,420,0.184,
2022_FJI_Viti_Levu_ElisaJahreis,20221201,FJ,-18.20583554,177.6889888,Vatu-o-lalai,Summer,Acropora cf. samoensis,9,37,420,0.150,
2022_FJI_Viti_Levu_ElisaJahreis,20221201,FJ,-18.20583554,177.6889888,Vatu-o-lalai,Summer,Acropora cf. samoensis,10,37,420,0.113,
2022_FJI_Viti_Levu_ElisaJahreis,20221201,FJ,-18.20583554,177.6889888,Vatu-o-lalai,Summer,Acropora cf. samoensis,1,39,420,0.003,
2022_FJI_Viti_Levu_ElisaJahreis,20221201,FJ,-18.20583554,177.6889888,Vatu-o-lalai,Summer,Acropora cf. samoensis,2,39,420,0.000,
2022_FJI_Viti_Levu_ElisaJahreis,20221201,FJ,-18.20583554,177.6889888,Vatu-o-lalai,Summer,Acropora cf. samoensis,3,39,420,0.000,
2022_FJI_Viti_Levu_ElisaJahreis,20221201,FJ,-18.20583554,177.6889888,Vatu-o-lalai,Summer,Acropora cf. samoensis,4,39,420,0.000,
2022_FJI_Viti_Levu_ElisaJahreis,20221201,FJ,-18.20583554,177.6889888,Vatu-o-lalai,Summer,Acropora cf. samoensis,5,39,420,0.001,
2022_FJI_Viti_Levu_ElisaJahreis,20221201,FJ,-18.20583554,177.6889888,Vatu-o-lalai,Summer,Acropora cf. samoensis,6,39,420,0.004,
2022_FJI_Viti_Levu_ElisaJahreis,20221201,FJ,-18.20583554,177.6889888,Vatu-o-lalai,Summer,Acropora cf. samoensis,7,39,420,0.007,
2022_FJI_Viti_Levu_ElisaJahreis,20221201,FJ,-18.20583554,177.6889888,Vatu-o-lalai,Summer,Acropora cf. samoensis,8,39,420,0.000,
2022_FJI_Viti_Levu_ElisaJahreis,20221201,FJ,-18.20583554,177.6889888,Vatu-o-lalai,Summer,Acropora cf. samoensis,9,39,420,0.001,
2022_FJI_Viti_Levu_ElisaJahreis,20221201,FJ,-18.20583554,177.6889888,Vatu-o-lalai,Summer,Acropora cf. samoensis,10,39,420,0.000,
2022_FJI_Viti_Levu_ElisaJahreis,20220926,FJ,-18.20145609,177.6605895,Tagaqe,Winter,Acropora cf. samoensis,1,28,420,0.653,
2022_FJI_Viti_Levu_ElisaJahreis,20220926,FJ,-18.20145609,177.6605895,Tagaqe,Winter,Acropora cf. samoensis,2,28,420,0.621,
2022_FJI_Viti_Levu_ElisaJahreis,20220926,FJ,-18.20145609,177.6605895,Tagaqe,Winter,Acropora cf. samoensis,3,28,420,0.645,
2022_FJI_Viti_Levu_ElisaJahreis,20220926,FJ,-18.20145609,177.6605895,Tagaqe,Winter,Acropora cf. samoensis,4,28,420,0.629,
2022_FJI_Viti_Levu_ElisaJahreis,20220926,FJ,-18.20145609,177.6605895,Tagaqe,Winter,Acropora cf. samoensis,5,28,420,0.656,
2022_FJI_Viti_Levu_ElisaJahreis,20220926,FJ,-18.20145609,177.6605895,Tagaqe,Winter,Acropora cf. samoensis,6,28,420,0.651,
2022_FJI_Viti_Levu_ElisaJahreis,20220926,FJ,-18.20145609,177.6605895,Tagaqe,Winter,Acropora cf. samoensis,7,28,420,0.655,
2022_FJI_Viti_Levu_ElisaJahreis,20220926,FJ,-18.20145609,177.6605895,Tagaqe,Winter,Acropora cf. samoensis,8,28,420,0.625,
2022_FJI_Viti_Levu_ElisaJahreis,20220926,FJ,-18.20145609,177.6605895,Tagaqe,Winter,Acropora cf. samoensis,9,28,420,0.625,
2022_FJI_Viti_Levu_ElisaJahreis,20220926,FJ,-18.20145609,177.6605895,Tagaqe,Winter,Acropora cf. samoensis,10,28,420,0.599,
2022_FJI_Viti_Levu_ElisaJahreis,20220926,FJ,-18.20145609,177.6605895,Tagaqe,Winter,Acropora cf. samoensis,1,34,420,0.616,
2022_FJI_Viti_Levu_ElisaJahreis,20220926,FJ,-18.20145609,177.6605895,Tagaqe,Winter,Acropora cf. samoensis,2,34,420,0.619,
2022_FJI_Viti_Levu_ElisaJahreis,20220926,FJ,-18.20145609,177.6605895,Tagaqe,Winter,Acropora cf. samoensis,3,34,420,0.632,
2022_FJI_Viti_Levu_ElisaJahreis,20220926,FJ,-18.20145609,177.6605895,Tagaqe,Winter,Acropora cf. samoensis,4,34,420,0.652,
2022_FJI_Viti_Levu_ElisaJahreis,20220926,FJ,-18.20145609,177.6605895,Tagaqe,Winter,Acropora cf. samoensis,5,34,420,0.636,
2022_FJI_Viti_Levu_ElisaJahreis,20220926,FJ,-18.20145609,177.6605895,Tagaqe,Winter,Acropora cf. samoensis,6,34,420,0.625,
2022_FJI_Viti_Levu_ElisaJahreis,20220926,FJ,-18.20145609,177.6605895,Tagaqe,Winter,Acropora cf. samoensis,7,34,420,0.632,
2022_FJI_Viti_Levu_ElisaJahreis,20220926,FJ,-18.20145609,177.6605895,Tagaqe,Winter,Acropora cf. samoensis,8,34,420,0.637,
2022_FJI_Viti_Levu_ElisaJahreis,20220926,FJ,-18.20145609,177.6605895,Tagaqe,Winter,Acropora cf. samoensis,9,34,420,0.632,
2022_FJI_Viti_Levu_ElisaJahreis,20220926,FJ,-18.20145609,177.6605895,Tagaqe,Winter,Acropora cf. samoensis,10,34,420,0.619,
2022_FJI_Viti_Levu_ElisaJahreis,20220926,FJ,-18.20145609,177.6605895,Tagaqe,Winter,Acropora cf. samoensis,1,37,420,0.273,
2022_FJI_Viti_Levu_ElisaJahreis,20220926,FJ,-18.20145609,177.6605895,Tagaqe,Winter,Acropora cf. samoensis,2,37,420,0.002,
2022_FJI_Viti_Levu_ElisaJahreis,20220926,FJ,-18.20145609,177.6605895,Tagaqe,Winter,Acropora cf. samoensis,3,37,420,0.194,
2022_FJI_Viti_Levu_ElisaJahreis,20220926,FJ,-18.20145609,177.6605895,Tagaqe,Winter,Acropora cf. samoensis,4,37,420,0.221,
2022_FJI_Viti_Levu_ElisaJahreis,20220926,FJ,-18.20145609,177.6605895,Tagaqe,Winter,Acropora cf. samoensis,5,37,420,0.299,
2022_FJI_Viti_Levu_ElisaJahreis,20220926,FJ,-18.20145609,177.6605895,Tagaqe,Winter,Acropora cf. samoensis,6,37,420,0.247,
2022_FJI_Viti_Levu_ElisaJahreis,20220926,FJ,-18.20145609,177.6605895,Tagaqe,Winter,Acropora cf. samoensis,7,37,420,0.101,
2022_FJI_Viti_Levu_ElisaJahreis,20220926,FJ,-18.20145609,177.6605895,Tagaqe,Winter,Acropora cf. samoensis,8,37,420,0.199,
2022_FJI_Viti_Levu_ElisaJahreis,20220926,FJ,-18.20145609,177.6605895,Tagaqe,Winter,Acropora cf. samoensis,9,37,420,0.277,
2022_FJI_Viti_Levu_ElisaJahreis,20220926,FJ,-18.20145609,177.6605895,Tagaqe,Winter,Acropora cf. samoensis,10,37,420,0.200,
2022_FJI_Viti_Levu_ElisaJahreis,20220926,FJ,-18.20145609,177.6605895,Tagaqe,Winter,Acropora cf. samoensis,1,39,420,0.004,
2022_FJI_Viti_Levu_ElisaJahreis,20220926,FJ,-18.20145609,177.6605895,Tagaqe,Winter,Acropora cf. samoensis,2,39,420,0.002,
2022_FJI_Viti_Levu_ElisaJahreis,20220926,FJ,-18.20145609,177.6605895,Tagaqe,Winter,Acropora cf. samoensis,3,39,420,0.000,
2022_FJI_Viti_Levu_ElisaJahreis,20220926,FJ,-18.20145609,177.6605895,Tagaqe,Winter,Acropora cf. samoensis,4,39,420,0.006,
2022_FJI_Viti_Levu_ElisaJahreis,20220926,FJ,-18.20145609,177.6605895,Tagaqe,Winter,Acropora cf. samoensis,5,39,420,0.014,
2022_FJI_Viti_Levu_ElisaJahreis,20220926,FJ,-18.20145609,177.6605895,Tagaqe,Winter,Acropora cf. samoensis,6,39,420,0.007,
2022_FJI_Viti_Levu_ElisaJahreis,20220926,FJ,-18.20145609,177.6605895,Tagaqe,Winter,Acropora cf. samoensis,7,39,420,0.005,
2022_FJI_Viti_Levu_ElisaJahreis,20220926,FJ,-18.20145609,177.6605895,Tagaqe,Winter,Acropora cf. samoensis,8,39,420,0.012,
2022_FJI_Viti_Levu_ElisaJahreis,20220926,FJ,-18.20145609,177.6605895,Tagaqe,Winter,Acropora cf. samoensis,9,39,420,0.001,
2022_FJI_Viti_Levu_ElisaJahreis,20220926,FJ,-18.20145609,177.6605895,Tagaqe,Winter,Acropora cf. samoensis,10,39,420,0.000,
2022_FJI_Viti_Levu_ElisaJahreis,20221124,FJ,-18.20145609,177.6605895,Tagaqe,Summer,Acropora cf. samoensis,1,28,420,0.636,
2022_FJI_Viti_Levu_ElisaJahreis,20221124,FJ,-18.20145609,177.6605895,Tagaqe,Summer,Acropora cf. samoensis,2,28,420,0.631,
2022_FJI_Viti_Levu_ElisaJahreis,20221124,FJ,-18.20145609,177.6605895,Tagaqe,Summer,Acropora cf. samoensis,3,28,420,0.636,
2022_FJI_Viti_Levu_ElisaJahreis,20221124,FJ,-18.20145609,177.6605895,Tagaqe,Summer,Acropora cf. samoensis,4,28,420,0.635,
2022_FJI_Viti_Levu_ElisaJahreis,20221124,FJ,-18.20145609,177.6605895,Tagaqe,Summer,Acropora cf. samoensis,5,28,420,0.648,
2022_FJI_Viti_Levu_ElisaJahreis,20221124,FJ,-18.20145609,177.6605895,Tagaqe,Summer,Acropora cf. samoensis,6,28,420,0.644,
2022_FJI_Viti_Levu_ElisaJahreis,20221124,FJ,-18.20145609,177.6605895,Tagaqe,Summer,Acropora cf. samoensis,7,28,420,0.639,
2022_FJI_Viti_Levu_ElisaJahreis,20221124,FJ,-18.20145609,177.6605895,Tagaqe,Summer,Acropora cf. samoensis,8,28,420,0.647,
2022_FJI_Viti_Levu_ElisaJahreis,20221124,FJ,-18.20145609,177.6605895,Tagaqe,Summer,Acropora cf. samoensis,9,28,420,0.635,
2022_FJI_Viti_Levu_ElisaJahreis,20221124,FJ,-18.20145609,177.6605895,Tagaqe,Summer,Acropora cf. samoensis,10,28,420,0.646,
2022_FJI_Viti_Levu_ElisaJahreis,20221124,FJ,-18.20145609,177.6605895,Tagaqe,Summer,Acropora cf. samoensis,1,34,420,0.637,
2022_FJI_Viti_Levu_ElisaJahreis,20221124,FJ,-18.20145609,177.6605895,Tagaqe,Summer,Acropora cf. samoensis,2,34,420,0.644,
2022_FJI_Viti_Levu_ElisaJahreis,20221124,FJ,-18.20145609,177.6605895,Tagaqe,Summer,Acropora cf. samoensis,3,34,420,0.583,
2022_FJI_Viti_Levu_ElisaJahreis,20221124,FJ,-18.20145609,177.6605895,Tagaqe,Summer,Acropora cf. samoensis,4,34,420,0.652,
2022_FJI_Viti_Levu_ElisaJahreis,20221124,FJ,-18.20145609,177.6605895,Tagaqe,Summer,Acropora cf. samoensis,5,34,420,0.648,
2022_FJI_Viti_Levu_ElisaJahreis,20221124,FJ,-18.20145609,177.6605895,Tagaqe,Summer,Acropora cf. samoensis,6,34,420,0.635,
2022_FJI_Viti_Levu_ElisaJahreis,20221124,FJ,-18.20145609,177.6605895,Tagaqe,Summer,Acropora cf. samoensis,7,34,420,0.627,
2022_FJI_Viti_Levu_ElisaJahreis,20221124,FJ,-18.20145609,177.6605895,Tagaqe,Summer,Acropora cf. samoensis,8,34,420,0.641,
2022_FJI_Viti_Levu_ElisaJahreis,20221124,FJ,-18.20145609,177.6605895,Tagaqe,Summer,Acropora cf. samoensis,9,34,420,0.641,
2022_FJI_Viti_Levu_ElisaJahreis,20221124,FJ,-18.20145609,177.6605895,Tagaqe,Summer,Acropora cf. samoensis,10,34,420,0.625,
2022_FJI_Viti_Levu_ElisaJahreis,20221124,FJ,-18.20145609,177.6605895,Tagaqe,Summer,Acropora cf. samoensis,1,37,420,0.214,
2022_FJI_Viti_Levu_ElisaJahreis,20221124,FJ,-18.20145609,177.6605895,Tagaqe,Summer,Acropora cf. samoensis,2,37,420,0.243,
2022_FJI_Viti_Levu_ElisaJahreis,20221124,FJ,-18.20145609,177.6605895,Tagaqe,Summer,Acropora cf. samoensis,3,37,420,0.248,
2022_FJI_Viti_Levu_ElisaJahreis,20221124,FJ,-18.20145609,177.6605895,Tagaqe,Summer,Acropora cf. samoensis,4,37,420,0.206,
2022_FJI_Viti_Levu_ElisaJahreis,20221124,FJ,-18.20145609,177.6605895,Tagaqe,Summer,Acropora cf. samoensis,5,37,420,0.292,
2022_FJI_Viti_Levu_ElisaJahreis,20221124,FJ,-18.20145609,177.6605895,Tagaqe,Summer,Acropora cf. samoensis,6,37,420,0.208,
2022_FJI_Viti_Levu_ElisaJahreis,20221124,FJ,-18.20145609,177.6605895,Tagaqe,Summer,Acropora cf. samoensis,7,37,420,0.200,
2022_FJI_Viti_Levu_ElisaJahreis,20221124,FJ,-18.20145609,177.6605895,Tagaqe,Summer,Acropora cf. samoensis,8,37,420,0.258,
2022_FJI_Viti_Levu_ElisaJahreis,20221124,FJ,-18.20145609,177.6605895,Tagaqe,Summer,Acropora cf. samoensis,9,37,420,0.323,
2022_FJI_Viti_Levu_ElisaJahreis,20221124,FJ,-18.20145609,177.6605895,Tagaqe,Summer,Acropora cf. samoensis,10,37,420,0.262,
2022_FJI_Viti_Levu_ElisaJahreis,20221124,FJ,-18.20145609,177.6605895,Tagaqe,Summer,Acropora cf. samoensis,1,39,420,0.002,
2022_FJI_Viti_Levu_ElisaJahreis,20221124,FJ,-18.20145609,177.6605895,Tagaqe,Summer,Acropora cf. samoensis,2,39,420,0.008,
2022_FJI_Viti_Levu_ElisaJahreis,20221124,FJ,-18.20145609,177.6605895,Tagaqe,Summer,Acropora cf. samoensis,3,39,420,0.000,
2022_FJI_Viti_Levu_ElisaJahreis,20221124,FJ,-18.20145609,177.6605895,Tagaqe,Summer,Acropora cf. samoensis,4,39,420,0.025,
2022_FJI_Viti_Levu_ElisaJahreis,20221124,FJ,-18.20145609,177.6605895,Tagaqe,Summer,Acropora cf. samoensis,5,39,420,0.020,
2022_FJI_Viti_Levu_ElisaJahreis,20221124,FJ,-18.20145609,177.6605895,Tagaqe,Summer,Acropora cf. samoensis,6,39,420,0.013,
2022_FJI_Viti_Levu_ElisaJahreis,20221124,FJ,-18.20145609,177.6605895,Tagaqe,Summer,Acropora cf. samoensis,7,39,420,0.016,
2022_FJI_Viti_Levu_ElisaJahreis,20221124,FJ,-18.20145609,177.6605895,Tagaqe,Summer,Acropora cf. samoensis,8,39,420,0.006,
2022_FJI_Viti_Levu_ElisaJahreis,20221124,FJ,-18.20145609,177.6605895,Tagaqe,Summer,Acropora cf. samoensis,9,39,420,0.025,
2022_FJI_Viti_Levu_ElisaJahreis,20221124,FJ,-18.20145609,177.6605895,Tagaqe,Summer,Acropora cf. samoensis,10,39,420,0.000,
2022_FJI_Viti_Levu_ElisaJahreis,20220918,FJ,-18.20583554,177.6889888,Vatu-o-lalai,Winter,Pocillopora acuta,1,28,420,0.587,
2022_FJI_Viti_Levu_ElisaJahreis,20220918,FJ,-18.20583554,177.6889888,Vatu-o-lalai,Winter,Pocillopora acuta,2,28,420,0.592,
2022_FJI_Viti_Levu_ElisaJahreis,20220918,FJ,-18.20583554,177.6889888,Vatu-o-lalai,Winter,Pocillopora acuta,3,28,420,0.607,
2022_FJI_Viti_Levu_ElisaJahreis,20220918,FJ,-18.20583554,177.6889888,Vatu-o-lalai,Winter,Pocillopora acuta,4,28,420,0.620,
2022_FJI_Viti_Levu_ElisaJahreis,20220918,FJ,-18.20583554,177.6889888,Vatu-o-lalai,Winter,Pocillopora acuta,5,28,420,0.620,
2022_FJI_Viti_Levu_ElisaJahreis,20220918,FJ,-18.20583554,177.6889888,Vatu-o-lalai,Winter,Pocillopora acuta,6,28,420,0.620,
2022_FJI_Viti_Levu_ElisaJahreis,20220918,FJ,-18.20583554,177.6889888,Vatu-o-lalai,Winter,Pocillopora acuta,7,28,420,0.575,
2022_FJI_Viti_Levu_ElisaJahreis,20220918,FJ,-18.20583554,177.6889888,Vatu-o-lalai,Winter,Pocillopora acuta,8,28,420,0.623,
2022_FJI_Viti_Levu_ElisaJahreis,20220918,FJ,-18.20583554,177.6889888,Vatu-o-lalai,Winter,Pocillopora acuta,9,28,420,0.593,
2022_FJI_Viti_Levu_ElisaJahreis,20220918,FJ,-18.20583554,177.6889888,Vatu-o-lalai,Winter,Pocillopora acuta,10,28,420,0.568,
2022_FJI_Viti_Levu_ElisaJahreis,20220918,FJ,-18.20583554,177.6889888,Vatu-o-lalai,Winter,Pocillopora acuta,1,34,420,0.617,
2022_FJI_Viti_Levu_ElisaJahreis,20220918,FJ,-18.20583554,177.6889888,Vatu-o-lalai,Winter,Pocillopora acuta,2,34,420,0.570,
2022_FJI_Viti_Levu_ElisaJahreis,20220918,FJ,-18.20583554,177.6889888,Vatu-o-lalai,Winter,Pocillopora acuta,3,34,420,0.594,
2022_FJI_Viti_Levu_ElisaJahreis,20220918,FJ,-18.20583554,177.6889888,Vatu-o-lalai,Winter,Pocillopora acuta,4,34,420,0.583,
2022_FJI_Viti_Levu_ElisaJahreis,20220918,FJ,-18.20583554,177.6889888,Vatu-o-lalai,Winter,Pocillopora acuta,5,34,420,0.588,
2022_FJI_Viti_Levu_ElisaJahreis,20220918,FJ,-18.20583554,177.6889888,Vatu-o-lalai,Winter,Pocillopora acuta,6,34,420,0.591,
2022_FJI_Viti_Levu_ElisaJahreis,20220918,FJ,-18.20583554,177.6889888,Vatu-o-lalai,Winter,Pocillopora acuta,7,34,420,0.628,
2022_FJI_Viti_Levu_ElisaJahreis,20220918,FJ,-18.20583554,177.6889888,Vatu-o-lalai,Winter,Pocillopora acuta,8,34,420,0.619,
2022_FJI_Viti_Levu_ElisaJahreis,20220918,FJ,-18.20583554,177.6889888,Vatu-o-lalai,Winter,Pocillopora acuta,9,34,420,0.415,
2022_FJI_Viti_Levu_ElisaJahreis,20220918,FJ,-18.20583554,177.6889888,Vatu-o-lalai,Winter,Pocillopora acuta,10,34,420,0.586,
2022_FJI_Viti_Levu_ElisaJahreis,20220918,FJ,-18.20583554,177.6889888,Vatu-o-lalai,Winter,Pocillopora acuta,1,37,420,0.486,
2022_FJI_Viti_Levu_ElisaJahreis,20220918,FJ,-18.20583554,177.6889888,Vatu-o-lalai,Winter,Pocillopora acuta,2,37,420,0.081,
2022_FJI_Viti_Levu_ElisaJahreis,20220918,FJ,-18.20583554,177.6889888,Vatu-o-lalai,Winter,Pocillopora acuta,3,37,420,0.023,
2022_FJI_Viti_Levu_ElisaJahreis,20220918,FJ,-18.20583554,177.6889888,Vatu-o-lalai,Winter,Pocillopora acuta,4,37,420,0.107,
2022_FJI_Viti_Levu_ElisaJahreis,20220918,FJ,-18.20583554,177.6889888,Vatu-o-lalai,Winter,Pocillopora acuta,5,37,420,0.149,
2022_FJI_Viti_Levu_ElisaJahreis,20220918,FJ,-18.20583554,177.6889888,Vatu-o-lalai,Winter,Pocillopora acuta,6,37,420,0.068,
2022_FJI_Viti_Levu_ElisaJahreis,20220918,FJ,-18.20583554,177.6889888,Vatu-o-lalai,Winter,Pocillopora acuta,7,37,420,0.121,
2022_FJI_Viti_Levu_ElisaJahreis,20220918,FJ,-18.20583554,177.6889888,Vatu-o-lalai,Winter,Pocillopora acuta,8,37,420,0.093,
2022_FJI_Viti_Levu_ElisaJahreis,20220918,FJ,-18.20583554,177.6889888,Vatu-o-lalai,Winter,Pocillopora acuta,9,37,420,0.081,
2022_FJI_Viti_Levu_ElisaJahreis,20220918,FJ,-18.20583554,177.6889888,Vatu-o-lalai,Winter,Pocillopora acuta,10,37,420,0.375,
2022_FJI_Viti_Levu_ElisaJahreis,20220918,FJ,-18.20583554,177.6889888,Vatu-o-lalai,Winter,Pocillopora acuta,1,39,420,0.000,
2022_FJI_Viti_Levu_ElisaJahreis,20220918,FJ,-18.20583554,177.6889888,Vatu-o-lalai,Winter,Pocillopora acuta,2,39,420,0.000,
2022_FJI_Viti_Levu_ElisaJahreis,20220918,FJ,-18.20583554,177.6889888,Vatu-o-lalai,Winter,Pocillopora acuta,3,39,420,0.000,
2022_FJI_Viti_Levu_ElisaJahreis,20220918,FJ,-18.20583554,177.6889888,Vatu-o-lalai,Winter,Pocillopora acuta,4,39,420,0.000,
2022_FJI_Viti_Levu_ElisaJahreis,20220918,FJ,-18.20583554,177.6889888,Vatu-o-lalai,Winter,Pocillopora acuta,5,39,420,0.000,
2022_FJI_Viti_Levu_ElisaJahreis,20220918,FJ,-18.20583554,177.6889888,Vatu-o-lalai,Winter,Pocillopora acuta,6,39,420,0.000,
2022_FJI_Viti_Levu_ElisaJahreis,20220918,FJ,-18.20583554,177.6889888,Vatu-o-lalai,Winter,Pocillopora acuta,7,39,420,0.000,
2022_FJI_Viti_Levu_ElisaJahreis,20220918,FJ,-18.20583554,177.6889888,Vatu-o-lalai,Winter,Pocillopora acuta,8,39,420,0.001,
2022_FJI_Viti_Levu_ElisaJahreis,20220918,FJ,-18.20583554,177.6889888,Vatu-o-lalai,Winter,Pocillopora acuta,9,39,420,0.000,
2022_FJI_Viti_Levu_ElisaJahreis,20220918,FJ,-18.20583554,177.6889888,Vatu-o-lalai,Winter,Pocillopora acuta,10,39,420,0.000,
2022_FJI_Viti_Levu_ElisaJahreis,20221203,FJ,-18.20583554,177.6889888,Vatu-o-lalai,Summer,Pocillopora acuta,1,28,420,0.572,
2022_FJI_Viti_Levu_ElisaJahreis,20221203,FJ,-18.20583554,177.6889888,Vatu-o-lalai,Summer,Pocillopora acuta,2,28,420,0.596,
2022_FJI_Viti_Levu_ElisaJahreis,20221203,FJ,-18.20583554,177.6889888,Vatu-o-lalai,Summer,Pocillopora acuta,3,28,420,0.598,
2022_FJI_Viti_Levu_ElisaJahreis,20221203,FJ,-18.20583554,177.6889888,Vatu-o-lalai,Summer,Pocillopora acuta,4,28,420,0.615,
2022_FJI_Viti_Levu_ElisaJahreis,20221203,FJ,-18.20583554,177.6889888,Vatu-o-lalai,Summer,Pocillopora acuta,5,28,420,0.589,
2022_FJI_Viti_Levu_ElisaJahreis,20221203,FJ,-18.20583554,177.6889888,Vatu-o-lalai,Summer,Pocillopora acuta,6,28,420,0.602,
2022_FJI_Viti_Levu_ElisaJahreis,20221203,FJ,-18.20583554,177.6889888,Vatu-o-lalai,Summer,Pocillopora acuta,7,28,420,0.621,
2022_FJI_Viti_Levu_ElisaJahreis,20221203,FJ,-18.20583554,177.6889888,Vatu-o-lalai,Summer,Pocillopora acuta,8,28,420,0.603,
2022_FJI_Viti_Levu_ElisaJahreis,20221203,FJ,-18.20583554,177.6889888,Vatu-o-lalai,Summer,Pocillopora acuta,10,28,420,0.633,
2022_FJI_Viti_Levu_ElisaJahreis,20221203,FJ,-18.20583554,177.6889888,Vatu-o-lalai,Summer,Pocillopora acuta,1,34,420,0.599,
2022_FJI_Viti_Levu_ElisaJahreis,20221203,FJ,-18.20583554,177.6889888,Vatu-o-lalai,Summer,Pocillopora acuta,2,34,420,0.582,
2022_FJI_Viti_Levu_ElisaJahreis,20221203,FJ,-18.20583554,177.6889888,Vatu-o-lalai,Summer,Pocillopora acuta,3,34,420,0.587,
2022_FJI_Viti_Levu_ElisaJahreis,20221203,FJ,-18.20583554,177.6889888,Vatu-o-lalai,Summer,Pocillopora acuta,4,34,420,0.623,
2022_FJI_Viti_Levu_ElisaJahreis,20221203,FJ,-18.20583554,177.6889888,Vatu-o-lalai,Summer,Pocillopora acuta,5,34,420,0.576,
2022_FJI_Viti_Levu_ElisaJahreis,20221203,FJ,-18.20583554,177.6889888,Vatu-o-lalai,Summer,Pocillopora acuta,6,34,420,0.641,
2022_FJI_Viti_Levu_ElisaJahreis,20221203,FJ,-18.20583554,177.6889888,Vatu-o-lalai,Summer,Pocillopora acuta,7,34,420,0.631,
2022_FJI_Viti_Levu_ElisaJahreis,20221203,FJ,-18.20583554,177.6889888,Vatu-o-lalai,Summer,Pocillopora acuta,8,34,420,0.602,
2022_FJI_Viti_Levu_ElisaJahreis,20221203,FJ,-18.20583554,177.6889888,Vatu-o-lalai,Summer,Pocillopora acuta,10,34,420,0.594,
2022_FJI_Viti_Levu_ElisaJahreis,20221203,FJ,-18.20583554,177.6889888,Vatu-o-lalai,Summer,Pocillopora acuta,1,37,420,0.485,
2022_FJI_Viti_Levu_ElisaJahreis,20221203,FJ,-18.20583554,177.6889888,Vatu-o-lalai,Summer,Pocillopora acuta,2,37,420,0.224,
2022_FJI_Viti_Levu_ElisaJahreis,20221203,FJ,-18.20583554,177.6889888,Vatu-o-lalai,Summer,Pocillopora acuta,3,37,420,0.260,
2022_FJI_Viti_Levu_ElisaJahreis,20221203,FJ,-18.20583554,177.6889888,Vatu-o-lalai,Summer,Pocillopora acuta,4,37,420,0.282,
2022_FJI_Viti_Levu_ElisaJahreis,20221203,FJ,-18.20583554,177.6889888,Vatu-o-lalai,Summer,Pocillopora acuta,5,37,420,0.404,
2022_FJI_Viti_Levu_ElisaJahreis,20221203,FJ,-18.20583554,177.6889888,Vatu-o-lalai,Summer,Pocillopora acuta,6,37,420,0.338,
2022_FJI_Viti_Levu_ElisaJahreis,20221203,FJ,-18.20583554,177.6889888,Vatu-o-lalai,Summer,Pocillopora acuta,7,37,420,0.249,
2022_FJI_Viti_Levu_ElisaJahreis,20221203,FJ,-18.20583554,177.6889888,Vatu-o-lalai,Summer,Pocillopora acuta,8,37,420,0.197,
2022_FJI_Viti_Levu_ElisaJahreis,20221203,FJ,-18.20583554,177.6889888,Vatu-o-lalai,Summer,Pocillopora acuta,10,37,420,0.523,
2022_FJI_Viti_Levu_ElisaJahreis,20221203,FJ,-18.20583554,177.6889888,Vatu-o-lalai,Summer,Pocillopora acuta,1,39,420,0.000,
2022_FJI_Viti_Levu_ElisaJahreis,20221203,FJ,-18.20583554,177.6889888,Vatu-o-lalai,Summer,Pocillopora acuta,2,39,420,0.009,
2022_FJI_Viti_Levu_ElisaJahreis,20221203,FJ,-18.20583554,177.6889888,Vatu-o-lalai,Summer,Pocillopora acuta,3,39,420,0.000,
2022_FJI_Viti_Levu_ElisaJahreis,20221203,FJ,-18.20583554,177.6889888,Vatu-o-lalai,Summer,Pocillopora acuta,4,39,420,0.017,
2022_FJI_Viti_Levu_ElisaJahreis,20221203,FJ,-18.20583554,177.6889888,Vatu-o-lalai,Summer,Pocillopora acuta,5,39,420,0.000,
2022_FJI_Viti_Levu_ElisaJahreis,20221203,FJ,-18.20583554,177.6889888,Vatu-o-lalai,Summer,Pocillopora acuta,6,39,420,0.000,
2022_FJI_Viti_Levu_ElisaJahreis,20221203,FJ,-18.20583554,177.6889888,Vatu-o-lalai,Summer,Pocillopora acuta,7,39,420,0.000,
2022_FJI_Viti_Levu_ElisaJahreis,20221203,FJ,-18.20583554,177.6889888,Vatu-o-lalai,Summer,Pocillopora acuta,8,39,420,0.002,
2022_FJI_Viti_Levu_ElisaJahreis,20221203,FJ,-18.20583554,177.6889888,Vatu-o-lalai,Summer,Pocillopora acuta,10,39,420,0.000,
2022_FJI_Viti_Levu_ElisaJahreis,20220928,FJ,-18.20583554,177.6889888,Vatu-o-lalai,Winter,Galaxea horrescens,1,28,420,0.567,
2022_FJI_Viti_Levu_ElisaJahreis,20220928,FJ,-18.20583554,177.6889888,Vatu-o-lalai,Winter,Galaxea horrescens,2,28,420,0.600,
2022_FJI_Viti_Levu_ElisaJahreis,20220928,FJ,-18.20583554,177.6889888,Vatu-o-lalai,Winter,Galaxea horrescens,3,28,420,0.604,
2022_FJI_Viti_Levu_ElisaJahreis,20220928,FJ,-18.20583554,177.6889888,Vatu-o-lalai,Winter,Galaxea horrescens,4,28,420,0.580,
2022_FJI_Viti_Levu_ElisaJahreis,20220928,FJ,-18.20583554,177.6889888,Vatu-o-lalai,Winter,Galaxea horrescens,5,28,420,0.592,
2022_FJI_Viti_Levu_ElisaJahreis,20220928,FJ,-18.20583554,177.6889888,Vatu-o-lalai,Winter,Galaxea horrescens,6,28,420,0.599,
2022_FJI_Viti_Levu_ElisaJahreis,20220928,FJ,-18.20583554,177.6889888,Vatu-o-lalai,Winter,Galaxea horrescens,7,28,420,0.609,
2022_FJI_Viti_Levu_ElisaJahreis,20220928,FJ,-18.20583554,177.6889888,Vatu-o-lalai,Winter,Galaxea horrescens,8,28,420,0.600,
2022_FJI_Viti_Levu_ElisaJahreis,20220928,FJ,-18.20583554,177.6889888,Vatu-o-lalai,Winter,Galaxea horrescens,9,28,420,0.580,
2022_FJI_Viti_Levu_ElisaJahreis,20220928,FJ,-18.20583554,177.6889888,Vatu-o-lalai,Winter,Galaxea horrescens,10,28,420,0.597,
2022_FJI_Viti_Levu_ElisaJahreis,20220928,FJ,-18.20583554,177.6889888,Vatu-o-lalai,Winter,Galaxea horrescens,1,34,420,0.555,
2022_FJI_Viti_Levu_ElisaJahreis,20220928,FJ,-18.20583554,177.6889888,Vatu-o-lalai,Winter,Galaxea horrescens,2,34,420,0.575,
2022_FJI_Viti_Levu_ElisaJahreis,20220928,FJ,-18.20583554,177.6889888,Vatu-o-lalai,Winter,Galaxea horrescens,3,34,420,0.522,
2022_FJI_Viti_Levu_ElisaJahreis,20220928,FJ,-18.20583554,177.6889888,Vatu-o-lalai,Winter,Galaxea horrescens,4,34,420,0.611,
2022_FJI_Viti_Levu_ElisaJahreis,20220928,FJ,-18.20583554,177.6889888,Vatu-o-lalai,Winter,Galaxea horrescens,5,34,420,0.610,
2022_FJI_Viti_Levu_ElisaJahreis,20220928,FJ,-18.20583554,177.6889888,Vatu-o-lalai,Winter,Galaxea horrescens,6,34,420,0.594,
2022_FJI_Viti_Levu_ElisaJahreis,20220928,FJ,-18.20583554,177.6889888,Vatu-o-lalai,Winter,Galaxea horrescens,7,34,420,0.591,
2022_FJI_Viti_Levu_ElisaJahreis,20220928,FJ,-18.20583554,177.6889888,Vatu-o-lalai,Winter,Galaxea horrescens,8,34,420,0.596,
2022_FJI_Viti_Levu_ElisaJahreis,20220928,FJ,-18.20583554,177.6889888,Vatu-o-lalai,Winter,Galaxea horrescens,9,34,420,0.595,
2022_FJI_Viti_Levu_ElisaJahreis,20220928,FJ,-18.20583554,177.6889888,Vatu-o-lalai,Winter,Galaxea horrescens,10,34,420,0.563,
2022_FJI_Viti_Levu_ElisaJahreis,20220928,FJ,-18.20583554,177.6889888,Vatu-o-lalai,Winter,Galaxea horrescens,1,37,420,0.329,
2022_FJI_Viti_Levu_ElisaJahreis,20220928,FJ,-18.20583554,177.6889888,Vatu-o-lalai,Winter,Galaxea horrescens,2,37,420,0.207,
2022_FJI_Viti_Levu_ElisaJahreis,20220928,FJ,-18.20583554,177.6889888,Vatu-o-lalai,Winter,Galaxea horrescens,3,37,420,0.201,
2022_FJI_Viti_Levu_ElisaJahreis,20220928,FJ,-18.20583554,177.6889888,Vatu-o-lalai,Winter,Galaxea horrescens,4,37,420,0.199,
2022_FJI_Viti_Levu_ElisaJahreis,20220928,FJ,-18.20583554,177.6889888,Vatu-o-lalai,Winter,Galaxea horrescens,5,37,420,0.170,
2022_FJI_Viti_Levu_ElisaJahreis,20220928,FJ,-18.20583554,177.6889888,Vatu-o-lalai,Winter,Galaxea horrescens,6,37,420,0.186,
2022_FJI_Viti_Levu_ElisaJahreis,20220928,FJ,-18.20583554,177.6889888,Vatu-o-lalai,Winter,Galaxea horrescens,7,37,420,0.164,
2022_FJI_Viti_Levu_ElisaJahreis,20220928,FJ,-18.20583554,177.6889888,Vatu-o-lalai,Winter,Galaxea horrescens,8,37,420,0.185,
2022_FJI_Viti_Levu_ElisaJahreis,20220928,FJ,-18.20583554,177.6889888,Vatu-o-lalai,Winter,Galaxea horrescens,9,37,420,0.214,
2022_FJI_Viti_Levu_ElisaJahreis,20220928,FJ,-18.20583554,177.6889888,Vatu-o-lalai,Winter,Galaxea horrescens,10,37,420,0.292,
2022_FJI_Viti_Levu_ElisaJahreis,20220928,FJ,-18.20583554,177.6889888,Vatu-o-lalai,Winter,Galaxea horrescens,1,39,420,0.004,
2022_FJI_Viti_Levu_ElisaJahreis,20220928,FJ,-18.20583554,177.6889888,Vatu-o-lalai,Winter,Galaxea horrescens,2,39,420,0.000,
2022_FJI_Viti_Levu_ElisaJahreis,20220928,FJ,-18.20583554,177.6889888,Vatu-o-lalai,Winter,Galaxea horrescens,3,39,420,0.000,
2022_FJI_Viti_Levu_ElisaJahreis,20220928,FJ,-18.20583554,177.6889888,Vatu-o-lalai,Winter,Galaxea horrescens,4,39,420,0.000,
2022_FJI_Viti_Levu_ElisaJahreis,20220928,FJ,-18.20583554,177.6889888,Vatu-o-lalai,Winter,Galaxea horrescens,5,39,420,0.000,
2022_FJI_Viti_Levu_ElisaJahreis,20220928,FJ,-18.20583554,177.6889888,Vatu-o-lalai,Winter,Galaxea horrescens,6,39,420,0.001,
2022_FJI_Viti_Levu_ElisaJahreis,20220928,FJ,-18.20583554,177.6889888,Vatu-o-lalai,Winter,Galaxea horrescens,7,39,420,0.009,
2022_FJI_Viti_Levu_ElisaJahreis,20220928,FJ,-18.20583554,177.6889888,Vatu-o-lalai,Winter,Galaxea horrescens,8,39,420,0.003,
2022_FJI_Viti_Levu_ElisaJahreis,20220928,FJ,-18.20583554,177.6889888,Vatu-o-lalai,Winter,Galaxea horrescens,9,39,420,0.000,
2022_FJI_Viti_Levu_ElisaJahreis,20220928,FJ,-18.20583554,177.6889888,Vatu-o-lalai,Winter,Galaxea horrescens,10,39,420,0.000,
2022_FJI_Viti_Levu_ElisaJahreis,20221206,FJ,-18.20583554,177.6889888,Vatu-o-lalai,Summer,Galaxea horrescens,1,28,420,0.586,
2022_FJI_Viti_Levu_ElisaJahreis,20221206,FJ,-18.20583554,177.6889888,Vatu-o-lalai,Summer,Galaxea horrescens,2,28,420,0.602,
2022_FJI_Viti_Levu_ElisaJahreis,20221206,FJ,-18.20583554,177.6889888,Vatu-o-lalai,Summer,Galaxea horrescens,3,28,420,0.589,
2022_FJI_Viti_Levu_ElisaJahreis,20221206,FJ,-18.20583554,177.6889888,Vatu-o-lalai,Summer,Galaxea horrescens,4,28,420,0.575,
2022_FJI_Viti_Levu_ElisaJahreis,20221206,FJ,-18.20583554,177.6889888,Vatu-o-lalai,Summer,Galaxea horrescens,5,28,420,0.572,
2022_FJI_Viti_Levu_ElisaJahreis,20221206,FJ,-18.20583554,177.6889888,Vatu-o-lalai,Summer,Galaxea horrescens,6,28,420,0.547,
2022_FJI_Viti_Levu_ElisaJahreis,20221206,FJ,-18.20583554,177.6889888,Vatu-o-lalai,Summer,Galaxea horrescens,7,28,420,0.595,
2022_FJI_Viti_Levu_ElisaJahreis,20221206,FJ,-18.20583554,177.6889888,Vatu-o-lalai,Summer,Galaxea horrescens,8,28,420,0.603,
2022_FJI_Viti_Levu_ElisaJahreis,20221206,FJ,-18.20583554,177.6889888,Vatu-o-lalai,Summer,Galaxea horrescens,9,28,420,0.575,
2022_FJI_Viti_Levu_ElisaJahreis,20221206,FJ,-18.20583554,177.6889888,Vatu-o-lalai,Summer,Galaxea horrescens,10,28,420,0.585,
2022_FJI_Viti_Levu_ElisaJahreis,20221206,FJ,-18.20583554,177.6889888,Vatu-o-lalai,Summer,Galaxea horrescens,1,34,420,0.563,
2022_FJI_Viti_Levu_ElisaJahreis,20221206,FJ,-18.20583554,177.6889888,Vatu-o-lalai,Summer,Galaxea horrescens,2,34,420,0.615,
2022_FJI_Viti_Levu_ElisaJahreis,20221206,FJ,-18.20583554,177.6889888,Vatu-o-lalai,Summer,Galaxea horrescens,3,34,420,0.621,
2022_FJI_Viti_Levu_ElisaJahreis,20221206,FJ,-18.20583554,177.6889888,Vatu-o-lalai,Summer,Galaxea horrescens,4,34,420,0.610,
2022_FJI_Viti_Levu_ElisaJahreis,20221206,FJ,-18.20583554,177.6889888,Vatu-o-lalai,Summer,Galaxea horrescens,5,34,420,0.561,
2022_FJI_Viti_Levu_ElisaJahreis,20221206,FJ,-18.20583554,177.6889888,Vatu-o-lalai,Summer,Galaxea horrescens,6,34,420,0.586,
2022_FJI_Viti_Levu_ElisaJahreis,20221206,FJ,-18.20583554,177.6889888,Vatu-o-lalai,Summer,Galaxea horrescens,7,34,420,0.599,
2022_FJI_Viti_Levu_ElisaJahreis,20221206,FJ,-18.20583554,177.6889888,Vatu-o-lalai,Summer,Galaxea horrescens,8,34,420,0.619,
2022_FJI_Viti_Levu_ElisaJahreis,20221206,FJ,-18.20583554,177.6889888,Vatu-o-lalai,Summer,Galaxea horrescens,9,34,420,0.566,
2022_FJI_Viti_Levu_ElisaJahreis,20221206,FJ,-18.20583554,177.6889888,Vatu-o-lalai,Summer,Galaxea horrescens,10,34,420,0.597,
2022_FJI_Viti_Levu_ElisaJahreis,20221206,FJ,-18.20583554,177.6889888,Vatu-o-lalai,Summer,Galaxea horrescens,1,37,420,0.287,
2022_FJI_Viti_Levu_ElisaJahreis,20221206,FJ,-18.20583554,177.6889888,Vatu-o-lalai,Summer,Galaxea horrescens,2,37,420,0.365,
2022_FJI_Viti_Levu_ElisaJahreis,20221206,FJ,-18.20583554,177.6889888,Vatu-o-lalai,Summer,Galaxea horrescens,3,37,420,0.352,
2022_FJI_Viti_Levu_ElisaJahreis,20221206,FJ,-18.20583554,177.6889888,Vatu-o-lalai,Summer,Galaxea horrescens,4,37,420,0.301,
2022_FJI_Viti_Levu_ElisaJahreis,20221206,FJ,-18.20583554,177.6889888,Vatu-o-lalai,Summer,Galaxea horrescens,5,37,420,0.341,
2022_FJI_Viti_Levu_ElisaJahreis,20221206,FJ,-18.20583554,177.6889888,Vatu-o-lalai,Summer,Galaxea horrescens,6,37,420,0.276,
2022_FJI_Viti_Levu_ElisaJahreis,20221206,FJ,-18.20583554,177.6889888,Vatu-o-lalai,Summer,Galaxea horrescens,7,37,420,0.300,
2022_FJI_Viti_Levu_ElisaJahreis,20221206,FJ,-18.20583554,177.6889888,Vatu-o-lalai,Summer,Galaxea horrescens,8,37,420,0.177,
2022_FJI_Viti_Levu_ElisaJahreis,20221206,FJ,-18.20583554,177.6889888,Vatu-o-lalai,Summer,Galaxea horrescens,9,37,420,0.285,
2022_FJI_Viti_Levu_ElisaJahreis,20221206,FJ,-18.20583554,177.6889888,Vatu-o-lalai,Summer,Galaxea horrescens,10,37,420,0.361,
2022_FJI_Viti_Levu_ElisaJahreis,20221206,FJ,-18.20583554,177.6889888,Vatu-o-lalai,Summer,Galaxea horrescens,1,39,420,0.000,
2022_FJI_Viti_Levu_ElisaJahreis,20221206,FJ,-18.20583554,177.6889888,Vatu-o-lalai,Summer,Galaxea horrescens,2,39,420,0.003,
2022_FJI_Viti_Levu_ElisaJahreis,20221206,FJ,-18.20583554,177.6889888,Vatu-o-lalai,Summer,Galaxea horrescens,3,39,420,0.004,
2022_FJI_Viti_Levu_ElisaJahreis,20221206,FJ,-18.20583554,177.6889888,Vatu-o-lalai,Summer,Galaxea horrescens,4,39,420,0.002,
2022_FJI_Viti_Levu_ElisaJahreis,20221206,FJ,-18.20583554,177.6889888,Vatu-o-lalai,Summer,Galaxea horrescens,5,39,420,0.007,
2022_FJI_Viti_Levu_ElisaJahreis,20221206,FJ,-18.20583554,177.6889888,Vatu-o-lalai,Summer,Galaxea horrescens,6,39,420,0.000,
2022_FJI_Viti_Levu_ElisaJahreis,20221206,FJ,-18.20583554,177.6889888,Vatu-o-lalai,Summer,Galaxea horrescens,7,39,420,0.062,
2022_FJI_Viti_Levu_ElisaJahreis,20221206,FJ,-18.20583554,177.6889888,Vatu-o-lalai,Summer,Galaxea horrescens,8,39,420,0.000,
2022_FJI_Viti_Levu_ElisaJahreis,20221206,FJ,-18.20583554,177.6889888,Vatu-o-lalai,Summer,Galaxea horrescens,9,39,420,0.000,
2022_FJI_Viti_Levu_ElisaJahreis,20221206,FJ,-18.20583554,177.6889888,Vatu-o-lalai,Summer,Galaxea horrescens,10,39,420,0.000,
2022_FJI_Viti_Levu_ElisaJahreis,20221002,FJ,-18.20583554,177.6889888,Vatu-o-lalai,Winter,Echinopora lamellosa,1,28,420,0.570,
2022_FJI_Viti_Levu_ElisaJahreis,20221002,FJ,-18.20583554,177.6889888,Vatu-o-lalai,Winter,Echinopora lamellosa,2,28,420,0.530,
2022_FJI_Viti_Levu_ElisaJahreis,20221002,FJ,-18.20583554,177.6889888,Vatu-o-lalai,Winter,Echinopora lamellosa,3,28,420,0.562,
2022_FJI_Viti_Levu_ElisaJahreis,20221002,FJ,-18.20583554,177.6889888,Vatu-o-lalai,Winter,Echinopora lamellosa,4,28,420,0.456,
2022_FJI_Viti_Levu_ElisaJahreis,20221002,FJ,-18.20583554,177.6889888,Vatu-o-lalai,Winter,Echinopora lamellosa,5,28,420,0.523,
2022_FJI_Viti_Levu_ElisaJahreis,20221002,FJ,-18.20583554,177.6889888,Vatu-o-lalai,Winter,Echinopora lamellosa,6,28,420,0.555,
2022_FJI_Viti_Levu_ElisaJahreis,20221002,FJ,-18.20583554,177.6889888,Vatu-o-lalai,Winter,Echinopora lamellosa,7,28,420,0.584,
2022_FJI_Viti_Levu_ElisaJahreis,20221002,FJ,-18.20583554,177.6889888,Vatu-o-lalai,Winter,Echinopora lamellosa,8,28,420,0.567,
2022_FJI_Viti_Levu_ElisaJahreis,20221002,FJ,-18.20583554,177.6889888,Vatu-o-lalai,Winter,Echinopora lamellosa,9,28,420,0.529,
2022_FJI_Viti_Levu_ElisaJahreis,20221002,FJ,-18.20583554,177.6889888,Vatu-o-lalai,Winter,Echinopora lamellosa,10,28,420,0.437,
2022_FJI_Viti_Levu_ElisaJahreis,20221002,FJ,-18.20583554,177.6889888,Vatu-o-lalai,Winter,Echinopora lamellosa,1,34,420,0.530,
2022_FJI_Viti_Levu_ElisaJahreis,20221002,FJ,-18.20583554,177.6889888,Vatu-o-lalai,Winter,Echinopora lamellosa,2,34,420,0.539,
2022_FJI_Viti_Levu_ElisaJahreis,20221002,FJ,-18.20583554,177.6889888,Vatu-o-lalai,Winter,Echinopora lamellosa,3,34,420,0.520,
2022_FJI_Viti_Levu_ElisaJahreis,20221002,FJ,-18.20583554,177.6889888,Vatu-o-lalai,Winter,Echinopora lamellosa,4,34,420,0.494,
2022_FJI_Viti_Levu_ElisaJahreis,20221002,FJ,-18.20583554,177.6889888,Vatu-o-lalai,Winter,Echinopora lamellosa,5,34,420,0.547,
2022_FJI_Viti_Levu_ElisaJahreis,20221002,FJ,-18.20583554,177.6889888,Vatu-o-lalai,Winter,Echinopora lamellosa,6,34,420,0.443,
2022_FJI_Viti_Levu_ElisaJahreis,20221002,FJ,-18.20583554,177.6889888,Vatu-o-lalai,Winter,Echinopora lamellosa,7,34,420,0.574,
2022_FJI_Viti_Levu_ElisaJahreis,20221002,FJ,-18.20583554,177.6889888,Vatu-o-lalai,Winter,Echinopora lamellosa,8,34,420,0.537,
2022_FJI_Viti_Levu_ElisaJahreis,20221002,FJ,-18.20583554,177.6889888,Vatu-o-lalai,Winter,Echinopora lamellosa,9,34,420,0.520,
2022_FJI_Viti_Levu_ElisaJahreis,20221002,FJ,-18.20583554,177.6889888,Vatu-o-lalai,Winter,Echinopora lamellosa,10,34,420,0.585,
2022_FJI_Viti_Levu_ElisaJahreis,20221002,FJ,-18.20583554,177.6889888,Vatu-o-lalai,Winter,Echinopora lamellosa,1,37,420,0.210,
2022_FJI_Viti_Levu_ElisaJahreis,20221002,FJ,-18.20583554,177.6889888,Vatu-o-lalai,Winter,Echinopora lamellosa,2,37,420,0.168,
2022_FJI_Viti_Levu_ElisaJahreis,20221002,FJ,-18.20583554,177.6889888,Vatu-o-lalai,Winter,Echinopora lamellosa,3,37,420,0.083,
2022_FJI_Viti_Levu_ElisaJahreis,20221002,FJ,-18.20583554,177.6889888,Vatu-o-lalai,Winter,Echinopora lamellosa,4,37,420,0.180,
2022_FJI_Viti_Levu_ElisaJahreis,20221002,FJ,-18.20583554,177.6889888,Vatu-o-lalai,Winter,Echinopora lamellosa,5,37,420,0.209,
2022_FJI_Viti_Levu_ElisaJahreis,20221002,FJ,-18.20583554,177.6889888,Vatu-o-lalai,Winter,Echinopora lamellosa,6,37,420,0.081,
2022_FJI_Viti_Levu_ElisaJahreis,20221002,FJ,-18.20583554,177.6889888,Vatu-o-lalai,Winter,Echinopora lamellosa,7,37,420,0.078,
2022_FJI_Viti_Levu_ElisaJahreis,20221002,FJ,-18.20583554,177.6889888,Vatu-o-lalai,Winter,Echinopora lamellosa,8,37,420,0.175,
2022_FJI_Viti_Levu_ElisaJahreis,20221002,FJ,-18.20583554,177.6889888,Vatu-o-lalai,Winter,Echinopora lamellosa,9,37,420,0.149,
2022_FJI_Viti_Levu_ElisaJahreis,20221002,FJ,-18.20583554,177.6889888,Vatu-o-lalai,Winter,Echinopora lamellosa,10,37,420,0.043,
2022_FJI_Viti_Levu_ElisaJahreis,20221002,FJ,-18.20583554,177.6889888,Vatu-o-lalai,Winter,Echinopora lamellosa,1,39,420,0.007,
2022_FJI_Viti_Levu_ElisaJahreis,20221002,FJ,-18.20583554,177.6889888,Vatu-o-lalai,Winter,Echinopora lamellosa,2,39,420,0.000,
2022_FJI_Viti_Levu_ElisaJahreis,20221002,FJ,-18.20583554,177.6889888,Vatu-o-lalai,Winter,Echinopora lamellosa,3,39,420,0.000,
2022_FJI_Viti_Levu_ElisaJahreis,20221002,FJ,-18.20583554,177.6889888,Vatu-o-lalai,Winter,Echinopora lamellosa,4,39,420,0.000,
2022_FJI_Viti_Levu_ElisaJahreis,20221002,FJ,-18.20583554,177.6889888,Vatu-o-lalai,Winter,Echinopora lamellosa,5,39,420,0.005,
2022_FJI_Viti_Levu_ElisaJahreis,20221002,FJ,-18.20583554,177.6889888,Vatu-o-lalai,Winter,Echinopora lamellosa,6,39,420,0.004,
2022_FJI_Viti_Levu_ElisaJahreis,20221002,FJ,-18.20583554,177.6889888,Vatu-o-lalai,Winter,Echinopora lamellosa,7,39,420,0.095,
2022_FJI_Viti_Levu_ElisaJahreis,20221002,FJ,-18.20583554,177.6889888,Vatu-o-lalai,Winter,Echinopora lamellosa,8,39,420,0.002,
2022_FJI_Viti_Levu_ElisaJahreis,20221002,FJ,-18.20583554,177.6889888,Vatu-o-lalai,Winter,Echinopora lamellosa,9,39,420,0.000,
2022_FJI_Viti_Levu_ElisaJahreis,20221002,FJ,-18.20583554,177.6889888,Vatu-o-lalai,Winter,Echinopora lamellosa,10,39,420,0.000,
2022_FJI_Viti_Levu_ElisaJahreis,20221208,FJ,-18.20583554,177.6889888,Vatu-o-lalai,Summer,Echinopora lamellosa,1,28,420,0.559,
2022_FJI_Viti_Levu_ElisaJahreis,20221208,FJ,-18.20583554,177.6889888,Vatu-o-lalai,Summer,Echinopora lamellosa,2,28,420,0.580,
2022_FJI_Viti_Levu_ElisaJahreis,20221208,FJ,-18.20583554,177.6889888,Vatu-o-lalai,Summer,Echinopora lamellosa,3,28,420,0.495,
2022_FJI_Viti_Levu_ElisaJahreis,20221208,FJ,-18.20583554,177.6889888,Vatu-o-lalai,Summer,Echinopora lamellosa,4,28,420,0.509,
2022_FJI_Viti_Levu_ElisaJahreis,20221208,FJ,-18.20583554,177.6889888,Vatu-o-lalai,Summer,Echinopora lamellosa,5,28,420,0.559,
2022_FJI_Viti_Levu_ElisaJahreis,20221208,FJ,-18.20583554,177.6889888,Vatu-o-lalai,Summer,Echinopora lamellosa,6,28,420,0.552,
2022_FJI_Viti_Levu_ElisaJahreis,20221208,FJ,-18.20583554,177.6889888,Vatu-o-lalai,Summer,Echinopora lamellosa,7,28,420,0.517,
2022_FJI_Viti_Levu_ElisaJahreis,20221208,FJ,-18.20583554,177.6889888,Vatu-o-lalai,Summer,Echinopora lamellosa,8,28,420,0.587,
2022_FJI_Viti_Levu_ElisaJahreis,20221208,FJ,-18.20583554,177.6889888,Vatu-o-lalai,Summer,Echinopora lamellosa,9,28,420,0.553,
2022_FJI_Viti_Levu_ElisaJahreis,20221208,FJ,-18.20583554,177.6889888,Vatu-o-lalai,Summer,Echinopora lamellosa,10,28,420,0.402,
2022_FJI_Viti_Levu_ElisaJahreis,20221208,FJ,-18.20583554,177.6889888,Vatu-o-lalai,Summer,Echinopora lamellosa,1,34,420,0.572,
2022_FJI_Viti_Levu_ElisaJahreis,20221208,FJ,-18.20583554,177.6889888,Vatu-o-lalai,Summer,Echinopora lamellosa,2,34,420,0.561,
2022_FJI_Viti_Levu_ElisaJahreis,20221208,FJ,-18.20583554,177.6889888,Vatu-o-lalai,Summer,Echinopora lamellosa,3,34,420,0.568,
2022_FJI_Viti_Levu_ElisaJahreis,20221208,FJ,-18.20583554,177.6889888,Vatu-o-lalai,Summer,Echinopora lamellosa,4,34,420,0.527,
2022_FJI_Viti_Levu_ElisaJahreis,20221208,FJ,-18.20583554,177.6889888,Vatu-o-lalai,Summer,Echinopora lamellosa,5,34,420,0.500,
2022_FJI_Viti_Levu_ElisaJahreis,20221208,FJ,-18.20583554,177.6889888,Vatu-o-lalai,Summer,Echinopora lamellosa,6,34,420,0.563,
2022_FJI_Viti_Levu_ElisaJahreis,20221208,FJ,-18.20583554,177.6889888,Vatu-o-lalai,Summer,Echinopora lamellosa,7,34,420,0.540,
2022_FJI_Viti_Levu_ElisaJahreis,20221208,FJ,-18.20583554,177.6889888,Vatu-o-lalai,Summer,Echinopora lamellosa,8,34,420,0.562,
2022_FJI_Viti_Levu_ElisaJahreis,20221208,FJ,-18.20583554,177.6889888,Vatu-o-lalai,Summer,Echinopora lamellosa,9,34,420,0.534,
2022_FJI_Viti_Levu_ElisaJahreis,20221208,FJ,-18.20583554,177.6889888,Vatu-o-lalai,Summer,Echinopora lamellosa,10,34,420,0.464,
2022_FJI_Viti_Levu_ElisaJahreis,20221208,FJ,-18.20583554,177.6889888,Vatu-o-lalai,Summer,Echinopora lamellosa,1,37,420,0.370,
2022_FJI_Viti_Levu_ElisaJahreis,20221208,FJ,-18.20583554,177.6889888,Vatu-o-lalai,Summer,Echinopora lamellosa,2,37,420,0.279,
2022_FJI_Viti_Levu_ElisaJahreis,20221208,FJ,-18.20583554,177.6889888,Vatu-o-lalai,Summer,Echinopora lamellosa,3,37,420,0.139,
2022_FJI_Viti_Levu_ElisaJahreis,20221208,FJ,-18.20583554,177.6889888,Vatu-o-lalai,Summer,Echinopora lamellosa,4,37,420,0.335,
2022_FJI_Viti_Levu_ElisaJahreis,20221208,FJ,-18.20583554,177.6889888,Vatu-o-lalai,Summer,Echinopora lamellosa,5,37,420,0.363,
2022_FJI_Viti_Levu_ElisaJahreis,20221208,FJ,-18.20583554,177.6889888,Vatu-o-lalai,Summer,Echinopora lamellosa,6,37,420,0.219,
2022_FJI_Viti_Levu_ElisaJahreis,20221208,FJ,-18.20583554,177.6889888,Vatu-o-lalai,Summer,Echinopora lamellosa,7,37,420,0.212,
2022_FJI_Viti_Levu_ElisaJahreis,20221208,FJ,-18.20583554,177.6889888,Vatu-o-lalai,Summer,Echinopora lamellosa,8,37,420,0.270,
2022_FJI_Viti_Levu_ElisaJahreis,20221208,FJ,-18.20583554,177.6889888,Vatu-o-lalai,Summer,Echinopora lamellosa,9,37,420,0.304,
2022_FJI_Viti_Levu_ElisaJahreis,20221208,FJ,-18.20583554,177.6889888,Vatu-o-lalai,Summer,Echinopora lamellosa,10,37,420,0.303,
2022_FJI_Viti_Levu_ElisaJahreis,20221208,FJ,-18.20583554,177.6889888,Vatu-o-lalai,Summer,Echinopora lamellosa,1,39,420,0.000,
2022_FJI_Viti_Levu_ElisaJahreis,20221208,FJ,-18.20583554,177.6889888,Vatu-o-lalai,Summer,Echinopora lamellosa,2,39,420,0.003,
2022_FJI_Viti_Levu_ElisaJahreis,20221208,FJ,-18.20583554,177.6889888,Vatu-o-lalai,Summer,Echinopora lamellosa,3,39,420,0.000,
2022_FJI_Viti_Levu_ElisaJahreis,20221208,FJ,-18.20583554,177.6889888,Vatu-o-lalai,Summer,Echinopora lamellosa,4,39,420,0.002,
2022_FJI_Viti_Levu_ElisaJahreis,20221208,FJ,-18.20583554,177.6889888,Vatu-o-lalai,Summer,Echinopora lamellosa,5,39,420,0.060,
2022_FJI_Viti_Levu_ElisaJahreis,20221208,FJ,-18.20583554,177.6889888,Vatu-o-lalai,Summer,Echinopora lamellosa,6,39,420,0.000,
2022_FJI_Viti_Levu_ElisaJahreis,20221208,FJ,-18.20583554,177.6889888,Vatu-o-lalai,Summer,Echinopora lamellosa,7,39,420,0.000,
2022_FJI_Viti_Levu_ElisaJahreis,20221208,FJ,-18.20583554,177.6889888,Vatu-o-lalai,Summer,Echinopora lamellosa,8,39,420,0.000,
2022_FJI_Viti_Levu_ElisaJahreis,20221208,FJ,-18.20583554,177.6889888,Vatu-o-lalai,Summer,Echinopora lamellosa,9,39,420,0.000,
2022_FJI_Viti_Levu_ElisaJahreis,20221208,FJ,-18.20583554,177.6889888,Vatu-o-lalai,Summer,Echinopora lamellosa,10,39,420,0.021,