Project,Date,Country,Latitude,Longitude,Site,Condition,Species,Genotype,Temperature,Timepoint,Pam_value
Global_Search_Caribbean,22220522,CUW,12.10932,-68.95443,Curacao,Caribbean,Porites astreoides,1,37.07,420,0.074
Global_Search_Caribbean,22220522,CUW,12.10932,-68.95443,Curacao,Caribbean,Porites astreoides,2,37.07,420,0.125
Global_Search_Caribbean,22220522,CUW,12.10932,-68.95443,Curacao,Caribbean,Porites astreoides,3,37.07,420,0
Global_Search_Caribbean,22220522,CUW,12.10932,-68.95443,Curacao,Caribbean,Porites astreoides,4,37.07,420,0.079
Global_Search_Caribbean,22220522,CUW,12.10932,-68.95443,Curacao,Caribbean,Porites astreoides,5,37.07,420,0.05
Global_Search_Caribbean,22220522,CUW,12.10932,-68.95443,Curacao,Caribbean,Porites astreoides,6,37.07,420,0.053
Global_Search_Caribbean,22220522,CUW,12.10932,-68.95443,Curacao,Caribbean,Porites astreoides,7,37.07,420,0.047
Global_Search_Caribbean,22220522,CUW,12.10932,-68.95443,Curacao,Caribbean,Porites astreoides,8,37.07,420,0
Global_Search_Caribbean,22220522,CUW,12.10932,-68.95443,Curacao,Caribbean,Porites astreoides,9,37.07,420,0.009
Global_Search_Caribbean,22220522,CUW,12.10932,-68.95443,Curacao,Caribbean,Porites astreoides,10,37.07,420,0.147
Global_Search_Caribbean,22220522,CUW,12.10932,-68.95443,Curacao,Caribbean,Porites astreoides,11,37.07,420,0.021
Global_Search_Caribbean,22220522,CUW,12.10932,-68.95443,Curacao,Caribbean,Porites astreoides,12,37.07,420,0.023
Global_Search_Caribbean,22220522,CUW,12.10932,-68.95443,Curacao,Caribbean,Porites astreoides,1,34.04,420,0.226
Global_Search_Caribbean,22220522,CUW,12.10932,-68.95443,Curacao,Caribbean,Porites astreoides,2,34.04,420,0.23
Global_Search_Caribbean,22220522,CUW,12.10932,-68.95443,Curacao,Caribbean,Porites astreoides,3,34.04,420,0.406
Global_Search_Caribbean,22220522,CUW,12.10932,-68.95443,Curacao,Caribbean,Porites astreoides,4,34.04,420,0.337
Global_Search_Caribbean,22220522,CUW,12.10932,-68.95443,Curacao,Caribbean,Porites astreoides,5,34.04,420,0.187
Global_Search_Caribbean,22220522,CUW,12.10932,-68.95443,Curacao,Caribbean,Porites astreoides,6,34.04,420,0.31
Global_Search_Caribbean,22220522,CUW,12.10932,-68.95443,Curacao,Caribbean,Porites astreoides,7,34.04,420,0.353
Global_Search_Caribbean,22220522,CUW,12.10932,-68.95443,Curacao,Caribbean,Porites astreoides,8,34.04,420,0.368
Global_Search_Caribbean,22220522,CUW,12.10932,-68.95443,Curacao,Caribbean,Porites astreoides,9,34.04,420,0.288
Global_Search_Caribbean,22220522,CUW,12.10932,-68.95443,Curacao,Caribbean,Porites astreoides,10,34.04,420,0.379
Global_Search_Caribbean,22220522,CUW,12.10932,-68.95443,Curacao,Caribbean,Porites astreoides,11,34.04,420,0.335
Global_Search_Caribbean,22220522,CUW,12.10932,-68.95443,Curacao,Caribbean,Porites astreoides,12,34.04,420,0.291
Global_Search_Caribbean,22220522,CUW,12.10932,-68.95443,Curacao,Caribbean,Porites astreoides,1,32.04,420,0.446
Global_Search_Caribbean,22220522,CUW,12.10932,-68.95443,Curacao,Caribbean,Porites astreoides,2,32.04,420,0.46
Global_Search_Caribbean,22220522,CUW,12.10932,-68.95443,Curacao,Caribbean,Porites astreoides,3,32.04,420,0.412
Global_Search_Caribbean,22220522,CUW,12.10932,-68.95443,Curacao,Caribbean,Porites astreoides,4,32.04,420,0.379
Global_Search_Caribbean,22220522,CUW,12.10932,-68.95443,Curacao,Caribbean,Porites astreoides,5,32.04,420,0.355
Global_Search_Caribbean,22220522,CUW,12.10932,-68.95443,Curacao,Caribbean,Porites astreoides,6,32.04,420,0.349
Global_Search_Caribbean,22220522,CUW,12.10932,-68.95443,Curacao,Caribbean,Porites astreoides,7,32.04,420,0.432
Global_Search_Caribbean,22220522,CUW,12.10932,-68.95443,Curacao,Caribbean,Porites astreoides,8,32.04,420,0.39
Global_Search_Caribbean,22220522,CUW,12.10932,-68.95443,Curacao,Caribbean,Porites astreoides,9,32.04,420,0.399
Global_Search_Caribbean,22220522,CUW,12.10932,-68.95443,Curacao,Caribbean,Porites astreoides,10,32.04,420,0.432
Global_Search_Caribbean,22220522,CUW,12.10932,-68.95443,Curacao,Caribbean,Porites astreoides,11,32.04,420,0.408
Global_Search_Caribbean,22220522,CUW,12.10932,-68.95443,Curacao,Caribbean,Porites astreoides,12,32.04,420,0.447
Global_Search_Caribbean,22220522,CUW,12.10932,-68.95443,Curacao,Caribbean,Porites astreoides,1,28.04,420,0.453
Global_Search_Caribbean,22220522,CUW,12.10932,-68.95443,Curacao,Caribbean,Porites astreoides,2,28.04,420,0.551
Global_Search_Caribbean,22220522,CUW,12.10932,-68.95443,Curacao,Caribbean,Porites astreoides,3,28.04,420,0.461
Global_Search_Caribbean,22220522,CUW,12.10932,-68.95443,Curacao,Caribbean,Porites astreoides,4,28.04,420,0.548
Global_Search_Caribbean,22220522,CUW,12.10932,-68.95443,Curacao,Caribbean,Porites astreoides,5,28.04,420,0.509
Global_Search_Caribbean,22220522,CUW,12.10932,-68.95443,Curacao,Caribbean,Porites astreoides,6,28.04,420,0.573
Global_Search_Caribbean,22220522,CUW,12.10932,-68.95443,Curacao,Caribbean,Porites astreoides,7,28.04,420,0.441
Global_Search_Caribbean,22220522,CUW,12.10932,-68.95443,Curacao,Caribbean,Porites astreoides,8,28.04,420,0.541
Global_Search_Caribbean,22220522,CUW,12.10932,-68.95443,Curacao,Caribbean,Porites astreoides,9,28.04,420,0.526
Global_Search_Caribbean,22220522,CUW,12.10932,-68.95443,Curacao,Caribbean,Porites astreoides,10,28.04,420,0.519
Global_Search_Caribbean,22220522,CUW,12.10932,-68.95443,Curacao,Caribbean,Porites astreoides,11,28.04,420,0.588
Global_Search_Caribbean,22220522,CUW,12.10932,-68.95443,Curacao,Caribbean,Porites astreoides,12,28.04,420,0.591
Global_Search_Caribbean,22220523,CUW,12.10932,-68.95443,Curacao,Caribbean,Siderastrea siderea,1,37.07,420,0.327
Global_Search_Caribbean,22220523,CUW,12.10932,-68.95443,Curacao,Caribbean,Siderastrea siderea,2,37.07,420,0.23
Global_Search_Caribbean,22220523,CUW,12.10932,-68.95443,Curacao,Caribbean,Siderastrea siderea,3,37.07,420,0.149
Global_Search_Caribbean,22220523,CUW,12.10932,-68.95443,Curacao,Caribbean,Siderastrea siderea,4,37.07,420,0.197
Global_Search_Caribbean,22220523,CUW,12.10932,-68.95443,Curacao,Caribbean,Siderastrea siderea,5,37.07,420,0.223
Global_Search_Caribbean,22220523,CUW,12.10932,-68.95443,Curacao,Caribbean,Siderastrea siderea,6,37.07,420,0.019
Global_Search_Caribbean,22220523,CUW,12.10932,-68.95443,Curacao,Caribbean,Siderastrea siderea,7,37.07,420,0.055
Global_Search_Caribbean,22220523,CUW,12.10932,-68.95443,Curacao,Caribbean,Siderastrea siderea,8,37.07,420,0.158
Global_Search_Caribbean,22220523,CUW,12.10932,-68.95443,Curacao,Caribbean,Siderastrea siderea,9,37.07,420,0.142
Global_Search_Caribbean,22220523,CUW,12.10932,-68.95443,Curacao,Caribbean,Siderastrea siderea,10,37.07,420,0.131
Global_Search_Caribbean,22220523,CUW,12.10932,-68.95443,Curacao,Caribbean,Siderastrea siderea,11,37.07,420,0.011
Global_Search_Caribbean,22220523,CUW,12.10932,-68.95443,Curacao,Caribbean,Siderastrea siderea,12,37.07,420,0.036
Global_Search_Caribbean,22220523,CUW,12.10932,-68.95443,Curacao,Caribbean,Siderastrea siderea,13,37.07,420,0.197
Global_Search_Caribbean,22220523,CUW,12.10932,-68.95443,Curacao,Caribbean,Siderastrea siderea,14,37.07,420,0.047
Global_Search_Caribbean,22220523,CUW,12.10932,-68.95443,Curacao,Caribbean,Siderastrea siderea,1,34.04,420,0.508
Global_Search_Caribbean,22220523,CUW,12.10932,-68.95443,Curacao,Caribbean,Siderastrea siderea,2,34.04,420,0.479
Global_Search_Caribbean,22220523,CUW,12.10932,-68.95443,Curacao,Caribbean,Siderastrea siderea,3,34.04,420,0.493
Global_Search_Caribbean,22220523,CUW,12.10932,-68.95443,Curacao,Caribbean,Siderastrea siderea,4,34.04,420,0.501
Global_Search_Caribbean,22220523,CUW,12.10932,-68.95443,Curacao,Caribbean,Siderastrea siderea,5,34.04,420,0.473
Global_Search_Caribbean,22220523,CUW,12.10932,-68.95443,Curacao,Caribbean,Siderastrea siderea,6,34.04,420,0.521
Global_Search_Caribbean,22220523,CUW,12.10932,-68.95443,Curacao,Caribbean,Siderastrea siderea,7,34.04,420,0.405
Global_Search_Caribbean,22220523,CUW,12.10932,-68.95443,Curacao,Caribbean,Siderastrea siderea,8,34.04,420,0.451
Global_Search_Caribbean,22220523,CUW,12.10932,-68.95443,Curacao,Caribbean,Siderastrea siderea,9,34.04,420,0.547
Global_Search_Caribbean,22220523,CUW,12.10932,-68.95443,Curacao,Caribbean,Siderastrea siderea,10,34.04,420,0.503
Global_Search_Caribbean,22220523,CUW,12.10932,-68.95443,Curacao,Caribbean,Siderastrea siderea,11,34.04,420,0.53
Global_Search_Caribbean,22220523,CUW,12.10932,-68.95443,Curacao,Caribbean,Siderastrea siderea,12,34.04,420,0.533
Global_Search_Caribbean,22220523,CUW,12.10932,-68.95443,Curacao,Caribbean,Siderastrea siderea,13,34.04,420,0.534
Global_Search_Caribbean,22220523,CUW,12.10932,-68.95443,Curacao,Caribbean,Siderastrea siderea,14,34.04,420,0.558
Global_Search_Caribbean,22220523,CUW,12.10932,-68.95443,Curacao,Caribbean,Siderastrea siderea,1,32.04,420,0.561
Global_Search_Caribbean,22220523,CUW,12.10932,-68.95443,Curacao,Caribbean,Siderastrea siderea,2,32.04,420,0.55
Global_Search_Caribbean,22220523,CUW,12.10932,-68.95443,Curacao,Caribbean,Siderastrea siderea,3,32.04,420,0.539
Global_Search_Caribbean,22220523,CUW,12.10932,-68.95443,Curacao,Caribbean,Siderastrea siderea,4,32.04,420,0.545
Global_Search_Caribbean,22220523,CUW,12.10932,-68.95443,Curacao,Caribbean,Siderastrea siderea,5,32.04,420,0.532
Global_Search_Caribbean,22220523,CUW,12.10932,-68.95443,Curacao,Caribbean,Siderastrea siderea,6,32.04,420,0.558
Global_Search_Caribbean,22220523,CUW,12.10932,-68.95443,Curacao,Caribbean,Siderastrea siderea,7,32.04,420,0.455
Global_Search_Caribbean,22220523,CUW,12.10932,-68.95443,Curacao,Caribbean,Siderastrea siderea,8,32.04,420,0.511
Global_Search_Caribbean,22220523,CUW,12.10932,-68.95443,Curacao,Caribbean,Siderastrea siderea,9,32.04,420,0.592
Global_Search_Caribbean,22220523,CUW,12.10932,-68.95443,Curacao,Caribbean,Siderastrea siderea,10,32.04,420,0.492
Global_Search_Caribbean,22220523,CUW,12.10932,-68.95443,Curacao,Caribbean,Siderastrea siderea,11,32.04,420,0.547
Global_Search_Caribbean,22220523,CUW,12.10932,-68.95443,Curacao,Caribbean,Siderastrea siderea,12,32.04,420,0.56
Global_Search_Caribbean,22220523,CUW,12.10932,-68.95443,Curacao,Caribbean,Siderastrea siderea,13,32.04,420,0.559
Global_Search_Caribbean,22220523,CUW,12.10932,-68.95443,Curacao,Caribbean,Siderastrea siderea,14,32.04,420,0.582
Global_Search_Caribbean,22220523,CUW,12.10932,-68.95443,Curacao,Caribbean,Siderastrea siderea,1,28.04,420,0.526
Global_Search_Caribbean,22220523,CUW,12.10932,-68.95443,Curacao,Caribbean,Siderastrea siderea,2,28.04,420,0.526
Global_Search_Caribbean,22220523,CUW,12.10932,-68.95443,Curacao,Caribbean,Siderastrea siderea,3,28.04,420,0.548
Global_Search_Caribbean,22220523,CUW,12.10932,-68.95443,Curacao,Caribbean,Siderastrea siderea,4,28.04,420,0.502
Global_Search_Caribbean,22220523,CUW,12.10932,-68.95443,Curacao,Caribbean,Siderastrea siderea,5,28.04,420,0.51
Global_Search_Caribbean,22220523,CUW,12.10932,-68.95443,Curacao,Caribbean,Siderastrea siderea,6,28.04,420,0.573
Global_Search_Caribbean,22220523,CUW,12.10932,-68.95443,Curacao,Caribbean,Siderastrea siderea,7,28.04,420,0.485
Global_Search_Caribbean,22220523,CUW,12.10932,-68.95443,Curacao,Caribbean,Siderastrea siderea,8,28.04,420,0.526
Global_Search_Caribbean,22220523,CUW,12.10932,-68.95443,Curacao,Caribbean,Siderastrea siderea,9,28.04,420,0.605
Global_Search_Caribbean,22220523,CUW,12.10932,-68.95443,Curacao,Caribbean,Siderastrea siderea,10,28.04,420,0.514
Global_Search_Caribbean,22220523,CUW,12.10932,-68.95443,Curacao,Caribbean,Siderastrea siderea,11,28.04,420,0.554
Global_Search_Caribbean,22220523,CUW,12.10932,-68.95443,Curacao,Caribbean,Siderastrea siderea,12,28.04,420,0.549
Global_Search_Caribbean,22220523,CUW,12.10932,-68.95443,Curacao,Caribbean,Siderastrea siderea,13,28.04,420,0.573
Global_Search_Caribbean,22220523,CUW,12.10932,-68.95443,Curacao,Caribbean,Siderastrea siderea,14,28.04,420,0.563
Global_Search_Caribbean,22220524,CUW,12.083572,-68.897027,Curacao,Caribbean,Acropora palmata,1,37.07,420,0
Global_Search_Caribbean,22220524,CUW,12.083572,-68.897027,Curacao,Caribbean,Acropora palmata,2,37.07,420,0
Global_Search_Caribbean,22220524,CUW,12.083572,-68.897027,Curacao,Caribbean,Acropora palmata,3,37.07,420,0
Global_Search_Caribbean,22220524,CUW,12.083572,-68.897027,Curacao,Caribbean,Acropora palmata,4,37.07,420,0
Global_Search_Caribbean,22220524,CUW,12.083572,-68.897027,Curacao,Caribbean,Acropora palmata,5,37.07,420,0.074
Global_Search_Caribbean,22220524,CUW,12.083572,-68.897027,Curacao,Caribbean,Acropora palmata,6,37.07,420,0.05
Global_Search_Caribbean,22220524,CUW,12.083572,-68.897027,Curacao,Caribbean,Acropora palmata,7,37.07,420,0
Global_Search_Caribbean,22220524,CUW,12.083572,-68.897027,Curacao,Caribbean,Acropora palmata,8,37.07,420,0
Global_Search_Caribbean,22220524,CUW,12.083572,-68.897027,Curacao,Caribbean,Acropora palmata,9,37.07,420,0
Global_Search_Caribbean,22220524,CUW,12.083572,-68.897027,Curacao,Caribbean,Acropora palmata,10,37.07,420,0
Global_Search_Caribbean,22220524,CUW,12.083572,-68.897027,Curacao,Caribbean,Acropora palmata,11,37.07,420,0
Global_Search_Caribbean,22220524,CUW,12.083572,-68.897027,Curacao,Caribbean,Acropora palmata,12,37.07,420,0
Global_Search_Caribbean,22220524,CUW,12.083572,-68.897027,Curacao,Caribbean,Acropora palmata,1,34.04,420,0.573
Global_Search_Caribbean,22220524,CUW,12.083572,-68.897027,Curacao,Caribbean,Acropora palmata,2,34.04,420,0.574
Global_Search_Caribbean,22220524,CUW,12.083572,-68.897027,Curacao,Caribbean,Acropora palmata,3,34.04,420,0.558
Global_Search_Caribbean,22220524,CUW,12.083572,-68.897027,Curacao,Caribbean,Acropora palmata,4,34.04,420,0.562
Global_Search_Caribbean,22220524,CUW,12.083572,-68.897027,Curacao,Caribbean,Acropora palmata,5,34.04,420,0.566
Global_Search_Caribbean,22220524,CUW,12.083572,-68.897027,Curacao,Caribbean,Acropora palmata,6,34.04,420,0.455
Global_Search_Caribbean,22220524,CUW,12.083572,-68.897027,Curacao,Caribbean,Acropora palmata,7,34.04,420,0.558
Global_Search_Caribbean,22220524,CUW,12.083572,-68.897027,Curacao,Caribbean,Acropora palmata,8,34.04,420,0.582
Global_Search_Caribbean,22220524,CUW,12.083572,-68.897027,Curacao,Caribbean,Acropora palmata,9,34.04,420,0.551
Global_Search_Caribbean,22220524,CUW,12.083572,-68.897027,Curacao,Caribbean,Acropora palmata,10,34.04,420,0.573
Global_Search_Caribbean,22220524,CUW,12.083572,-68.897027,Curacao,Caribbean,Acropora palmata,11,34.04,420,0.599
Global_Search_Caribbean,22220524,CUW,12.083572,-68.897027,Curacao,Caribbean,Acropora palmata,12,34.04,420,0.598
Global_Search_Caribbean,22220524,CUW,12.083572,-68.897027,Curacao,Caribbean,Acropora palmata,1,32.04,420,0.594
Global_Search_Caribbean,22220524,CUW,12.083572,-68.897027,Curacao,Caribbean,Acropora palmata,2,32.04,420,0.615
Global_Search_Caribbean,22220524,CUW,12.083572,-68.897027,Curacao,Caribbean,Acropora palmata,3,32.04,420,0.58
Global_Search_Caribbean,22220524,CUW,12.083572,-68.897027,Curacao,Caribbean,Acropora palmata,4,32.04,420,0.576
Global_Search_Caribbean,22220524,CUW,12.083572,-68.897027,Curacao,Caribbean,Acropora palmata,5,32.04,420,0.581
Global_Search_Caribbean,22220524,CUW,12.083572,-68.897027,Curacao,Caribbean,Acropora palmata,6,32.04,420,0.576
Global_Search_Caribbean,22220524,CUW,12.083572,-68.897027,Curacao,Caribbean,Acropora palmata,7,32.04,420,0.575
Global_Search_Caribbean,22220524,CUW,12.083572,-68.897027,Curacao,Caribbean,Acropora palmata,8,32.04,420,0.604
Global_Search_Caribbean,22220524,CUW,12.083572,-68.897027,Curacao,Caribbean,Acropora palmata,9,32.04,420,0.597
Global_Search_Caribbean,22220524,CUW,12.083572,-68.897027,Curacao,Caribbean,Acropora palmata,10,32.04,420,0.604
Global_Search_Caribbean,22220524,CUW,12.083572,-68.897027,Curacao,Caribbean,Acropora palmata,11,32.04,420,0.645
Global_Search_Caribbean,22220524,CUW,12.083572,-68.897027,Curacao,Caribbean,Acropora palmata,12,32.04,420,0.593
Global_Search_Caribbean,22220524,CUW,12.083572,-68.897027,Curacao,Caribbean,Acropora palmata,1,28.04,420,0.559
Global_Search_Caribbean,22220524,CUW,12.083572,-68.897027,Curacao,Caribbean,Acropora palmata,2,28.04,420,0.568
Global_Search_Caribbean,22220524,CUW,12.083572,-68.897027,Curacao,Caribbean,Acropora palmata,3,28.04,420,0.591
Global_Search_Caribbean,22220524,CUW,12.083572,-68.897027,Curacao,Caribbean,Acropora palmata,4,28.04,420,0.565
Global_Search_Caribbean,22220524,CUW,12.083572,-68.897027,Curacao,Caribbean,Acropora palmata,5,28.04,420,0.589
Global_Search_Caribbean,22220524,CUW,12.083572,-68.897027,Curacao,Caribbean,Acropora palmata,6,28.04,420,0.548
Global_Search_Caribbean,22220524,CUW,12.083572,-68.897027,Curacao,Caribbean,Acropora palmata,7,28.04,420,0.562
Global_Search_Caribbean,22220524,CUW,12.083572,-68.897027,Curacao,Caribbean,Acropora palmata,8,28.04,420,0.611
Global_Search_Caribbean,22220524,CUW,12.083572,-68.897027,Curacao,Caribbean,Acropora palmata,9,28.04,420,0.617
Global_Search_Caribbean,22220524,CUW,12.083572,-68.897027,Curacao,Caribbean,Acropora palmata,10,28.04,420,0.553
Global_Search_Caribbean,22220524,CUW,12.083572,-68.897027,Curacao,Caribbean,Acropora palmata,11,28.04,420,0.618
Global_Search_Caribbean,22220524,CUW,12.083572,-68.897027,Curacao,Caribbean,Acropora palmata,12,28.04,420,0.612
Global_Search_Caribbean,22220525,CUW,12.10932,-68.95443,Curacao,Caribbean,Orbicella faveolata,1,37.07,420,0.044
Global_Search_Caribbean,22220525,CUW,12.10932,-68.95443,Curacao,Caribbean,Orbicella faveolata,2,37.07,420,0.035
Global_Search_Caribbean,22220525,CUW,12.10932,-68.95443,Curacao,Caribbean,Orbicella faveolata,3,37.07,420,0.03
Global_Search_Caribbean,22220525,CUW,12.10932,-68.95443,Curacao,Caribbean,Orbicella faveolata,4,37.07,420,0
Global_Search_Caribbean,22220525,CUW,12.10932,-68.95443,Curacao,Caribbean,Orbicella faveolata,5,37.07,420,0.009
Global_Search_Caribbean,22220525,CUW,12.10932,-68.95443,Curacao,Caribbean,Orbicella faveolata,6,37.07,420,0.041
Global_Search_Caribbean,22220525,CUW,12.10932,-68.95443,Curacao,Caribbean,Orbicella faveolata,7,37.07,420,0.01
Global_Search_Caribbean,22220525,CUW,12.10932,-68.95443,Curacao,Caribbean,Orbicella faveolata,8,37.07,420,0.006
Global_Search_Caribbean,22220525,CUW,12.10932,-68.95443,Curacao,Caribbean,Orbicella faveolata,9,37.07,420,0.054
Global_Search_Caribbean,22220525,CUW,12.10932,-68.95443,Curacao,Caribbean,Orbicella faveolata,10,37.07,420,0.046
Global_Search_Caribbean,22220525,CUW,12.10932,-68.95443,Curacao,Caribbean,Orbicella faveolata,11,37.07,420,0.015
Global_Search_Caribbean,22220525,CUW,12.10932,-68.95443,Curacao,Caribbean,Orbicella faveolata,12,37.07,420,0
Global_Search_Caribbean,22220525,CUW,12.10932,-68.95443,Curacao,Caribbean,Orbicella faveolata,1,34.04,420,0.304
Global_Search_Caribbean,22220525,CUW,12.10932,-68.95443,Curacao,Caribbean,Orbicella faveolata,2,34.04,420,0.37
Global_Search_Caribbean,22220525,CUW,12.10932,-68.95443,Curacao,Caribbean,Orbicella faveolata,3,34.04,420,0.405
Global_Search_Caribbean,22220525,CUW,12.10932,-68.95443,Curacao,Caribbean,Orbicella faveolata,4,34.04,420,0.235
Global_Search_Caribbean,22220525,CUW,12.10932,-68.95443,Curacao,Caribbean,Orbicella faveolata,5,34.04,420,0.267
Global_Search_Caribbean,22220525,CUW,12.10932,-68.95443,Curacao,Caribbean,Orbicella faveolata,6,34.04,420,0.373
Global_Search_Caribbean,22220525,CUW,12.10932,-68.95443,Curacao,Caribbean,Orbicella faveolata,7,34.04,420,0.208
Global_Search_Caribbean,22220525,CUW,12.10932,-68.95443,Curacao,Caribbean,Orbicella faveolata,8,34.04,420,0.299
Global_Search_Caribbean,22220525,CUW,12.10932,-68.95443,Curacao,Caribbean,Orbicella faveolata,9,34.04,420,0.29
Global_Search_Caribbean,22220525,CUW,12.10932,-68.95443,Curacao,Caribbean,Orbicella faveolata,10,34.04,420,0.317
Global_Search_Caribbean,22220525,CUW,12.10932,-68.95443,Curacao,Caribbean,Orbicella faveolata,11,34.04,420,0.359
Global_Search_Caribbean,22220525,CUW,12.10932,-68.95443,Curacao,Caribbean,Orbicella faveolata,12,34.04,420,0.345
Global_Search_Caribbean,22220525,CUW,12.10932,-68.95443,Curacao,Caribbean,Orbicella faveolata,1,32.04,420,0.484
Global_Search_Caribbean,22220525,CUW,12.10932,-68.95443,Curacao,Caribbean,Orbicella faveolata,2,32.04,420,0.485
Global_Search_Caribbean,22220525,CUW,12.10932,-68.95443,Curacao,Caribbean,Orbicella faveolata,3,32.04,420,0.474
Global_Search_Caribbean,22220525,CUW,12.10932,-68.95443,Curacao,Caribbean,Orbicella faveolata,4,32.04,420,0.413
Global_Search_Caribbean,22220525,CUW,12.10932,-68.95443,Curacao,Caribbean,Orbicella faveolata,5,32.04,420,0.374
Global_Search_Caribbean,22220525,CUW,12.10932,-68.95443,Curacao,Caribbean,Orbicella faveolata,6,32.04,420,0.526
Global_Search_Caribbean,22220525,CUW,12.10932,-68.95443,Curacao,Caribbean,Orbicella faveolata,7,32.04,420,0.333
Global_Search_Caribbean,22220525,CUW,12.10932,-68.95443,Curacao,Caribbean,Orbicella faveolata,8,32.04,420,0.467
Global_Search_Caribbean,22220525,CUW,12.10932,-68.95443,Curacao,Caribbean,Orbicella faveolata,9,32.04,420,0.378
Global_Search_Caribbean,22220525,CUW,12.10932,-68.95443,Curacao,Caribbean,Orbicella faveolata,10,32.04,420,0.442
Global_Search_Caribbean,22220525,CUW,12.10932,-68.95443,Curacao,Caribbean,Orbicella faveolata,11,32.04,420,0.43
Global_Search_Caribbean,22220525,CUW,12.10932,-68.95443,Curacao,Caribbean,Orbicella faveolata,12,32.04,420,0.546
Global_Search_Caribbean,22220525,CUW,12.10932,-68.95443,Curacao,Caribbean,Orbicella faveolata,1,28.04,420,0.55
Global_Search_Caribbean,22220525,CUW,12.10932,-68.95443,Curacao,Caribbean,Orbicella faveolata,2,28.04,420,0.531
Global_Search_Caribbean,22220525,CUW,12.10932,-68.95443,Curacao,Caribbean,Orbicella faveolata,3,28.04,420,0.534
Global_Search_Caribbean,22220525,CUW,12.10932,-68.95443,Curacao,Caribbean,Orbicella faveolata,4,28.04,420,0.361
Global_Search_Caribbean,22220525,CUW,12.10932,-68.95443,Curacao,Caribbean,Orbicella faveolata,5,28.04,420,0.449
Global_Search_Caribbean,22220525,CUW,12.10932,-68.95443,Curacao,Caribbean,Orbicella faveolata,6,28.04,420,0.519
Global_Search_Caribbean,22220525,CUW,12.10932,-68.95443,Curacao,Caribbean,Orbicella faveolata,7,28.04,420,0.335
Global_Search_Caribbean,22220525,CUW,12.10932,-68.95443,Curacao,Caribbean,Orbicella faveolata,8,28.04,420,0.452
Global_Search_Caribbean,22220525,CUW,12.10932,-68.95443,Curacao,Caribbean,Orbicella faveolata,9,28.04,420,0.54
Global_Search_Caribbean,22220525,CUW,12.10932,-68.95443,Curacao,Caribbean,Orbicella faveolata,10,28.04,420,0.468
Global_Search_Caribbean,22220525,CUW,12.10932,-68.95443,Curacao,Caribbean,Orbicella faveolata,11,28.04,420,0.423
Global_Search_Caribbean,22220525,CUW,12.10932,-68.95443,Curacao,Caribbean,Orbicella faveolata,12,28.04,420,0.541
Global_Search_Caribbean,22220424,USA,25.022467,-80.439564,Lower Florida Keys,Caribbean,Porites astreoides,1,38.6,420,0
Global_Search_Caribbean,22220424,USA,25.022467,-80.439564,Lower Florida Keys,Caribbean,Porites astreoides,2,38.6,420,0
Global_Search_Caribbean,22220424,USA,25.022467,-80.439564,Lower Florida Keys,Caribbean,Porites astreoides,3,38.6,420,0
Global_Search_Caribbean,22220424,USA,25.022467,-80.439564,Lower Florida Keys,Caribbean,Porites astreoides,4,38.6,420,0.113
Global_Search_Caribbean,22220424,USA,25.022467,-80.439564,Lower Florida Keys,Caribbean,Porites astreoides,5,38.6,420,0
Global_Search_Caribbean,22220424,USA,25.022467,-80.439564,Lower Florida Keys,Caribbean,Porites astreoides,6,38.6,420,0
Global_Search_Caribbean,22220424,USA,25.022467,-80.439564,Lower Florida Keys,Caribbean,Porites astreoides,7,38.6,420,0.07
Global_Search_Caribbean,22220424,USA,25.022467,-80.439564,Lower Florida Keys,Caribbean,Porites astreoides,8,38.6,420,0
Global_Search_Caribbean,22220424,USA,25.022467,-80.439564,Lower Florida Keys,Caribbean,Porites astreoides,9,38.6,420,0
Global_Search_Caribbean,22220424,USA,25.022467,-80.439564,Lower Florida Keys,Caribbean,Porites astreoides,10,38.6,420,0.017
Global_Search_Caribbean,22220424,USA,25.022467,-80.439564,Lower Florida Keys,Caribbean,Porites astreoides,11,38.6,420,0
Global_Search_Caribbean,22220424,USA,25.022467,-80.439564,Lower Florida Keys,Caribbean,Porites astreoides,12,38.6,420,0
Global_Search_Caribbean,22220424,USA,25.022467,-80.439564,Lower Florida Keys,Caribbean,Porites astreoides,13,38.6,420,0
Global_Search_Caribbean,22220424,USA,25.022467,-80.439564,Lower Florida Keys,Caribbean,Porites astreoides,1,35.6,420,0.523
Global_Search_Caribbean,22220424,USA,25.022467,-80.439564,Lower Florida Keys,Caribbean,Porites astreoides,2,35.6,420,0.479
Global_Search_Caribbean,22220424,USA,25.022467,-80.439564,Lower Florida Keys,Caribbean,Porites astreoides,3,35.6,420,0.407
Global_Search_Caribbean,22220424,USA,25.022467,-80.439564,Lower Florida Keys,Caribbean,Porites astreoides,4,35.6,420,0.456
Global_Search_Caribbean,22220424,USA,25.022467,-80.439564,Lower Florida Keys,Caribbean,Porites astreoides,5,35.6,420,0.373
Global_Search_Caribbean,22220424,USA,25.022467,-80.439564,Lower Florida Keys,Caribbean,Porites astreoides,6,35.6,420,0.565
Global_Search_Caribbean,22220424,USA,25.022467,-80.439564,Lower Florida Keys,Caribbean,Porites astreoides,7,35.6,420,0.415
Global_Search_Caribbean,22220424,USA,25.022467,-80.439564,Lower Florida Keys,Caribbean,Porites astreoides,8,35.6,420,0.424
Global_Search_Caribbean,22220424,USA,25.022467,-80.439564,Lower Florida Keys,Caribbean,Porites astreoides,9,35.6,420,0.472
Global_Search_Caribbean,22220424,USA,25.022467,-80.439564,Lower Florida Keys,Caribbean,Porites astreoides,10,35.6,420,0.317
Global_Search_Caribbean,22220424,USA,25.022467,-80.439564,Lower Florida Keys,Caribbean,Porites astreoides,11,35.6,420,0.377
Global_Search_Caribbean,22220424,USA,25.022467,-80.439564,Lower Florida Keys,Caribbean,Porites astreoides,12,35.6,420,0.569
Global_Search_Caribbean,22220424,USA,25.022467,-80.439564,Lower Florida Keys,Caribbean,Porites astreoides,13,35.6,420,0.347
Global_Search_Caribbean,22220424,USA,25.022467,-80.439564,Lower Florida Keys,Caribbean,Porites astreoides,1,33.6,420,0.621
Global_Search_Caribbean,22220424,USA,25.022467,-80.439564,Lower Florida Keys,Caribbean,Porites astreoides,2,33.6,420,0.551
Global_Search_Caribbean,22220424,USA,25.022467,-80.439564,Lower Florida Keys,Caribbean,Porites astreoides,3,33.6,420,0.542
Global_Search_Caribbean,22220424,USA,25.022467,-80.439564,Lower Florida Keys,Caribbean,Porites astreoides,4,33.6,420,0.566
Global_Search_Caribbean,22220424,USA,25.022467,-80.439564,Lower Florida Keys,Caribbean,Porites astreoides,5,33.6,420,0.549
Global_Search_Caribbean,22220424,USA,25.022467,-80.439564,Lower Florida Keys,Caribbean,Porites astreoides,6,33.6,420,0.616
Global_Search_Caribbean,22220424,USA,25.022467,-80.439564,Lower Florida Keys,Caribbean,Porites astreoides,7,33.6,420,0.528
Global_Search_Caribbean,22220424,USA,25.022467,-80.439564,Lower Florida Keys,Caribbean,Porites astreoides,8,33.6,420,0.584
Global_Search_Caribbean,22220424,USA,25.022467,-80.439564,Lower Florida Keys,Caribbean,Porites astreoides,9,33.6,420,0.619
Global_Search_Caribbean,22220424,USA,25.022467,-80.439564,Lower Florida Keys,Caribbean,Porites astreoides,10,33.6,420,0.605
Global_Search_Caribbean,22220424,USA,25.022467,-80.439564,Lower Florida Keys,Caribbean,Porites astreoides,11,33.6,420,0.397
Global_Search_Caribbean,22220424,USA,25.022467,-80.439564,Lower Florida Keys,Caribbean,Porites astreoides,12,33.6,420,0.578
Global_Search_Caribbean,22220424,USA,25.022467,-80.439564,Lower Florida Keys,Caribbean,Porites astreoides,13,33.6,420,0.6
Global_Search_Caribbean,22220424,USA,25.022467,-80.439564,Lower Florida Keys,Caribbean,Porites astreoides,1,29.6,420,0.607
Global_Search_Caribbean,22220424,USA,25.022467,-80.439564,Lower Florida Keys,Caribbean,Porites astreoides,2,29.6,420,0.634
Global_Search_Caribbean,22220424,USA,25.022467,-80.439564,Lower Florida Keys,Caribbean,Porites astreoides,3,29.6,420,0.627
Global_Search_Caribbean,22220424,USA,25.022467,-80.439564,Lower Florida Keys,Caribbean,Porites astreoides,4,29.6,420,0.528
Global_Search_Caribbean,22220424,USA,25.022467,-80.439564,Lower Florida Keys,Caribbean,Porites astreoides,5,29.6,420,0.559
Global_Search_Caribbean,22220424,USA,25.022467,-80.439564,Lower Florida Keys,Caribbean,Porites astreoides,6,29.6,420,0.66
Global_Search_Caribbean,22220424,USA,25.022467,-80.439564,Lower Florida Keys,Caribbean,Porites astreoides,7,29.6,420,0.559
Global_Search_Caribbean,22220424,USA,25.022467,-80.439564,Lower Florida Keys,Caribbean,Porites astreoides,8,29.6,420,0.596
Global_Search_Caribbean,22220424,USA,25.022467,-80.439564,Lower Florida Keys,Caribbean,Porites astreoides,9,29.6,420,0.643
Global_Search_Caribbean,22220424,USA,25.022467,-80.439564,Lower Florida Keys,Caribbean,Porites astreoides,10,29.6,420,0.586
Global_Search_Caribbean,22220424,USA,25.022467,-80.439564,Lower Florida Keys,Caribbean,Porites astreoides,11,29.6,420,0.611
Global_Search_Caribbean,22220424,USA,25.022467,-80.439564,Lower Florida Keys,Caribbean,Porites astreoides,12,29.6,420,0.607
Global_Search_Caribbean,22220424,USA,25.022467,-80.439564,Lower Florida Keys,Caribbean,Porites astreoides,13,29.6,420,0.628
Global_Search_Caribbean,22220422,USA,25.00843,-80.45875,Lower Florida Keys,Caribbean,Orbicella faveolata,1,38.6,420,0.031
Global_Search_Caribbean,22220422,USA,25.00843,-80.45875,Lower Florida Keys,Caribbean,Orbicella faveolata,2,38.6,420,0.004
Global_Search_Caribbean,22220422,USA,25.00843,-80.45875,Lower Florida Keys,Caribbean,Orbicella faveolata,3,38.6,420,0
Global_Search_Caribbean,22220422,USA,25.00843,-80.45875,Lower Florida Keys,Caribbean,Orbicella faveolata,4,38.6,420,0.024
Global_Search_Caribbean,22220422,USA,25.00843,-80.45875,Lower Florida Keys,Caribbean,Orbicella faveolata,5,38.6,420,0.079
Global_Search_Caribbean,22220422,USA,25.00843,-80.45875,Lower Florida Keys,Caribbean,Orbicella faveolata,6,38.6,420,0.024
Global_Search_Caribbean,22220422,USA,25.00843,-80.45875,Lower Florida Keys,Caribbean,Orbicella faveolata,7,38.6,420,0.016
Global_Search_Caribbean,22220422,USA,25.00843,-80.45875,Lower Florida Keys,Caribbean,Orbicella faveolata,8,38.6,420,0.061
Global_Search_Caribbean,22220422,USA,25.00843,-80.45875,Lower Florida Keys,Caribbean,Orbicella faveolata,9,38.6,420,0.043
Global_Search_Caribbean,22220422,USA,25.00843,-80.45875,Lower Florida Keys,Caribbean,Orbicella faveolata,10,38.6,420,0.07
Global_Search_Caribbean,22220422,USA,25.00843,-80.45875,Lower Florida Keys,Caribbean,Orbicella faveolata,11,38.6,420,0.166
Global_Search_Caribbean,22220422,USA,25.00843,-80.45875,Lower Florida Keys,Caribbean,Orbicella faveolata,12,38.6,420,0.076
Global_Search_Caribbean,22220422,USA,25.00843,-80.45875,Lower Florida Keys,Caribbean,Orbicella faveolata,13,38.6,420,0.017
Global_Search_Caribbean,22220422,USA,25.00843,-80.45875,Lower Florida Keys,Caribbean,Orbicella faveolata,14,38.6,420,0.016
Global_Search_Caribbean,22220422,USA,25.00843,-80.45875,Lower Florida Keys,Caribbean,Orbicella faveolata,1,35.6,420,0.035
Global_Search_Caribbean,22220422,USA,25.00843,-80.45875,Lower Florida Keys,Caribbean,Orbicella faveolata,2,35.6,420,0.164
Global_Search_Caribbean,22220422,USA,25.00843,-80.45875,Lower Florida Keys,Caribbean,Orbicella faveolata,3,35.6,420,0.165
Global_Search_Caribbean,22220422,USA,25.00843,-80.45875,Lower Florida Keys,Caribbean,Orbicella faveolata,4,35.6,420,0.162
Global_Search_Caribbean,22220422,USA,25.00843,-80.45875,Lower Florida Keys,Caribbean,Orbicella faveolata,5,35.6,420,0.135
Global_Search_Caribbean,22220422,USA,25.00843,-80.45875,Lower Florida Keys,Caribbean,Orbicella faveolata,6,35.6,420,0.25
Global_Search_Caribbean,22220422,USA,25.00843,-80.45875,Lower Florida Keys,Caribbean,Orbicella faveolata,7,35.6,420,0.127
Global_Search_Caribbean,22220422,USA,25.00843,-80.45875,Lower Florida Keys,Caribbean,Orbicella faveolata,8,35.6,420,0.067
Global_Search_Caribbean,22220422,USA,25.00843,-80.45875,Lower Florida Keys,Caribbean,Orbicella faveolata,9,35.6,420,0.12
Global_Search_Caribbean,22220422,USA,25.00843,-80.45875,Lower Florida Keys,Caribbean,Orbicella faveolata,10,35.6,420,0.124
Global_Search_Caribbean,22220422,USA,25.00843,-80.45875,Lower Florida Keys,Caribbean,Orbicella faveolata,11,35.6,420,0.127
Global_Search_Caribbean,22220422,USA,25.00843,-80.45875,Lower Florida Keys,Caribbean,Orbicella faveolata,12,35.6,420,0.537
Global_Search_Caribbean,22220422,USA,25.00843,-80.45875,Lower Florida Keys,Caribbean,Orbicella faveolata,13,35.6,420,0.229
Global_Search_Caribbean,22220422,USA,25.00843,-80.45875,Lower Florida Keys,Caribbean,Orbicella faveolata,14,35.6,420,0.192
Global_Search_Caribbean,22220422,USA,25.00843,-80.45875,Lower Florida Keys,Caribbean,Orbicella faveolata,1,33.6,420,0.499
Global_Search_Caribbean,22220422,USA,25.00843,-80.45875,Lower Florida Keys,Caribbean,Orbicella faveolata,2,33.6,420,0.443
Global_Search_Caribbean,22220422,USA,25.00843,-80.45875,Lower Florida Keys,Caribbean,Orbicella faveolata,3,33.6,420,0.47
Global_Search_Caribbean,22220422,USA,25.00843,-80.45875,Lower Florida Keys,Caribbean,Orbicella faveolata,4,33.6,420,0.461
Global_Search_Caribbean,22220422,USA,25.00843,-80.45875,Lower Florida Keys,Caribbean,Orbicella faveolata,5,33.6,420,0.399
Global_Search_Caribbean,22220422,USA,25.00843,-80.45875,Lower Florida Keys,Caribbean,Orbicella faveolata,6,33.6,420,0.426
Global_Search_Caribbean,22220422,USA,25.00843,-80.45875,Lower Florida Keys,Caribbean,Orbicella faveolata,7,33.6,420,0.532
Global_Search_Caribbean,22220422,USA,25.00843,-80.45875,Lower Florida Keys,Caribbean,Orbicella faveolata,8,33.6,420,0.412
Global_Search_Caribbean,22220422,USA,25.00843,-80.45875,Lower Florida Keys,Caribbean,Orbicella faveolata,9,33.6,420,0.477
Global_Search_Caribbean,22220422,USA,25.00843,-80.45875,Lower Florida Keys,Caribbean,Orbicella faveolata,10,33.6,420,0.504
Global_Search_Caribbean,22220422,USA,25.00843,-80.45875,Lower Florida Keys,Caribbean,Orbicella faveolata,11,33.6,420,0.475
Global_Search_Caribbean,22220422,USA,25.00843,-80.45875,Lower Florida Keys,Caribbean,Orbicella faveolata,12,33.6,420,0.547
Global_Search_Caribbean,22220422,USA,25.00843,-80.45875,Lower Florida Keys,Caribbean,Orbicella faveolata,13,33.6,420,0.57
Global_Search_Caribbean,22220422,USA,25.00843,-80.45875,Lower Florida Keys,Caribbean,Orbicella faveolata,14,33.6,420,0.515
Global_Search_Caribbean,22220422,USA,25.00843,-80.45875,Lower Florida Keys,Caribbean,Orbicella faveolata,1,29.6,420,0.538
Global_Search_Caribbean,22220422,USA,25.00843,-80.45875,Lower Florida Keys,Caribbean,Orbicella faveolata,2,29.6,420,0.571
Global_Search_Caribbean,22220422,USA,25.00843,-80.45875,Lower Florida Keys,Caribbean,Orbicella faveolata,3,29.6,420,0.563
Global_Search_Caribbean,22220422,USA,25.00843,-80.45875,Lower Florida Keys,Caribbean,Orbicella faveolata,4,29.6,420,0.569
Global_Search_Caribbean,22220422,USA,25.00843,-80.45875,Lower Florida Keys,Caribbean,Orbicella faveolata,5,29.6,420,0.554
Global_Search_Caribbean,22220422,USA,25.00843,-80.45875,Lower Florida Keys,Caribbean,Orbicella faveolata,6,29.6,420,0.555
Global_Search_Caribbean,22220422,USA,25.00843,-80.45875,Lower Florida Keys,Caribbean,Orbicella faveolata,7,29.6,420,0.561
Global_Search_Caribbean,22220422,USA,25.00843,-80.45875,Lower Florida Keys,Caribbean,Orbicella faveolata,8,29.6,420,0.566
Global_Search_Caribbean,22220422,USA,25.00843,-80.45875,Lower Florida Keys,Caribbean,Orbicella faveolata,9,29.6,420,0.496
Global_Search_Caribbean,22220422,USA,25.00843,-80.45875,Lower Florida Keys,Caribbean,Orbicella faveolata,10,29.6,420,0.572
Global_Search_Caribbean,22220422,USA,25.00843,-80.45875,Lower Florida Keys,Caribbean,Orbicella faveolata,11,29.6,420,0.543
Global_Search_Caribbean,22220422,USA,25.00843,-80.45875,Lower Florida Keys,Caribbean,Orbicella faveolata,12,29.6,420,0.617
Global_Search_Caribbean,22220422,USA,25.00843,-80.45875,Lower Florida Keys,Caribbean,Orbicella faveolata,13,29.6,420,0.554
Global_Search_Caribbean,22220422,USA,25.00843,-80.45875,Lower Florida Keys,Caribbean,Orbicella faveolata,14,29.6,420,0.566
Global_Search_Caribbean,22220423,USA,25.09044,-80.43123,Lower Florida Keys,Caribbean,Siderastrea siderea,1,38.6,420,0.019
Global_Search_Caribbean,22220423,USA,25.09044,-80.43123,Lower Florida Keys,Caribbean,Siderastrea siderea,2,38.6,420,0.046
Global_Search_Caribbean,22220423,USA,25.09044,-80.43123,Lower Florida Keys,Caribbean,Siderastrea siderea,3,38.6,420,0.058
Global_Search_Caribbean,22220423,USA,25.09044,-80.43123,Lower Florida Keys,Caribbean,Siderastrea siderea,4,38.6,420,0.103
Global_Search_Caribbean,22220423,USA,25.09044,-80.43123,Lower Florida Keys,Caribbean,Siderastrea siderea,5,38.6,420,0.012
Global_Search_Caribbean,22220423,USA,25.09044,-80.43123,Lower Florida Keys,Caribbean,Siderastrea siderea,6,38.6,420,0.003
Global_Search_Caribbean,22220423,USA,25.09044,-80.43123,Lower Florida Keys,Caribbean,Siderastrea siderea,7,38.6,420,0
Global_Search_Caribbean,22220423,USA,25.09044,-80.43123,Lower Florida Keys,Caribbean,Siderastrea siderea,8,38.6,420,0.025
Global_Search_Caribbean,22220423,USA,25.09044,-80.43123,Lower Florida Keys,Caribbean,Siderastrea siderea,9,38.6,420,0.054
Global_Search_Caribbean,22220423,USA,25.09044,-80.43123,Lower Florida Keys,Caribbean,Siderastrea siderea,10,38.6,420,0.036
Global_Search_Caribbean,22220423,USA,25.09044,-80.43123,Lower Florida Keys,Caribbean,Siderastrea siderea,11,38.6,420,0.033
Global_Search_Caribbean,22220423,USA,25.09044,-80.43123,Lower Florida Keys,Caribbean,Siderastrea siderea,12,38.6,420,0
Global_Search_Caribbean,22220423,USA,25.09044,-80.43123,Lower Florida Keys,Caribbean,Siderastrea siderea,1,35.6,420,0.49
Global_Search_Caribbean,22220423,USA,25.09044,-80.43123,Lower Florida Keys,Caribbean,Siderastrea siderea,2,35.6,420,0.322
Global_Search_Caribbean,22220423,USA,25.09044,-80.43123,Lower Florida Keys,Caribbean,Siderastrea siderea,3,35.6,420,0.521
Global_Search_Caribbean,22220423,USA,25.09044,-80.43123,Lower Florida Keys,Caribbean,Siderastrea siderea,4,35.6,420,0.497
Global_Search_Caribbean,22220423,USA,25.09044,-80.43123,Lower Florida Keys,Caribbean,Siderastrea siderea,5,35.6,420,0.455
Global_Search_Caribbean,22220423,USA,25.09044,-80.43123,Lower Florida Keys,Caribbean,Siderastrea siderea,6,35.6,420,0.469
Global_Search_Caribbean,22220423,USA,25.09044,-80.43123,Lower Florida Keys,Caribbean,Siderastrea siderea,7,35.6,420,0.457
Global_Search_Caribbean,22220423,USA,25.09044,-80.43123,Lower Florida Keys,Caribbean,Siderastrea siderea,8,35.6,420,0.47
Global_Search_Caribbean,22220423,USA,25.09044,-80.43123,Lower Florida Keys,Caribbean,Siderastrea siderea,9,35.6,420,0.523
Global_Search_Caribbean,22220423,USA,25.09044,-80.43123,Lower Florida Keys,Caribbean,Siderastrea siderea,10,35.6,420,0.476
Global_Search_Caribbean,22220423,USA,25.09044,-80.43123,Lower Florida Keys,Caribbean,Siderastrea siderea,11,35.6,420,0.499
Global_Search_Caribbean,22220423,USA,25.09044,-80.43123,Lower Florida Keys,Caribbean,Siderastrea siderea,12,35.6,420,0.494
Global_Search_Caribbean,22220423,USA,25.09044,-80.43123,Lower Florida Keys,Caribbean,Siderastrea siderea,1,33.6,420,0.535
Global_Search_Caribbean,22220423,USA,25.09044,-80.43123,Lower Florida Keys,Caribbean,Siderastrea siderea,2,33.6,420,0.383
Global_Search_Caribbean,22220423,USA,25.09044,-80.43123,Lower Florida Keys,Caribbean,Siderastrea siderea,3,33.6,420,0.509
Global_Search_Caribbean,22220423,USA,25.09044,-80.43123,Lower Florida Keys,Caribbean,Siderastrea siderea,4,33.6,420,0.524
Global_Search_Caribbean,22220423,USA,25.09044,-80.43123,Lower Florida Keys,Caribbean,Siderastrea siderea,5,33.6,420,0.467
Global_Search_Caribbean,22220423,USA,25.09044,-80.43123,Lower Florida Keys,Caribbean,Siderastrea siderea,6,33.6,420,0.527
Global_Search_Caribbean,22220423,USA,25.09044,-80.43123,Lower Florida Keys,Caribbean,Siderastrea siderea,7,33.6,420,0.524
Global_Search_Caribbean,22220423,USA,25.09044,-80.43123,Lower Florida Keys,Caribbean,Siderastrea siderea,8,33.6,420,0.539
Global_Search_Caribbean,22220423,USA,25.09044,-80.43123,Lower Florida Keys,Caribbean,Siderastrea siderea,9,33.6,420,0.533
Global_Search_Caribbean,22220423,USA,25.09044,-80.43123,Lower Florida Keys,Caribbean,Siderastrea siderea,10,33.6,420,0.471
Global_Search_Caribbean,22220423,USA,25.09044,-80.43123,Lower Florida Keys,Caribbean,Siderastrea siderea,11,33.6,420,0.552
Global_Search_Caribbean,22220423,USA,25.09044,-80.43123,Lower Florida Keys,Caribbean,Siderastrea siderea,12,33.6,420,0.53
Global_Search_Caribbean,22220423,USA,25.09044,-80.43123,Lower Florida Keys,Caribbean,Siderastrea siderea,1,29.6,420,0.543
Global_Search_Caribbean,22220423,USA,25.09044,-80.43123,Lower Florida Keys,Caribbean,Siderastrea siderea,2,29.6,420,0.409
Global_Search_Caribbean,22220423,USA,25.09044,-80.43123,Lower Florida Keys,Caribbean,Siderastrea siderea,3,29.6,420,0.552
Global_Search_Caribbean,22220423,USA,25.09044,-80.43123,Lower Florida Keys,Caribbean,Siderastrea siderea,4,29.6,420,0.524
Global_Search_Caribbean,22220423,USA,25.09044,-80.43123,Lower Florida Keys,Caribbean,Siderastrea siderea,5,29.6,420,0.523
Global_Search_Caribbean,22220423,USA,25.09044,-80.43123,Lower Florida Keys,Caribbean,Siderastrea siderea,6,29.6,420,0.556
Global_Search_Caribbean,22220423,USA,25.09044,-80.43123,Lower Florida Keys,Caribbean,Siderastrea siderea,7,29.6,420,0.522
Global_Search_Caribbean,22220423,USA,25.09044,-80.43123,Lower Florida Keys,Caribbean,Siderastrea siderea,8,29.6,420,0.481
Global_Search_Caribbean,22220423,USA,25.09044,-80.43123,Lower Florida Keys,Caribbean,Siderastrea siderea,9,29.6,420,0.549
Global_Search_Caribbean,22220423,USA,25.09044,-80.43123,Lower Florida Keys,Caribbean,Siderastrea siderea,10,29.6,420,0.563
Global_Search_Caribbean,22220423,USA,25.09044,-80.43123,Lower Florida Keys,Caribbean,Siderastrea siderea,11,29.6,420,0.58
Global_Search_Caribbean,22220423,USA,25.09044,-80.43123,Lower Florida Keys,Caribbean,Siderastrea siderea,12,29.6,420,0.578
Global_Search_Caribbean,22220420,USA,25.00843,-80.45875,Lower Florida Keys,Caribbean,Acropora palmata,1,38.6,420,0
Global_Search_Caribbean,22220420,USA,25.00843,-80.45875,Lower Florida Keys,Caribbean,Acropora palmata,2,38.6,420,0
Global_Search_Caribbean,22220420,USA,25.00843,-80.45875,Lower Florida Keys,Caribbean,Acropora palmata,3,38.6,420,0
Global_Search_Caribbean,22220420,USA,25.00843,-80.45875,Lower Florida Keys,Caribbean,Acropora palmata,4,38.6,420,0
Global_Search_Caribbean,22220420,USA,25.00843,-80.45875,Lower Florida Keys,Caribbean,Acropora palmata,5,38.6,420,0
Global_Search_Caribbean,22220420,USA,25.00843,-80.45875,Lower Florida Keys,Caribbean,Acropora palmata,6,38.6,420,0
Global_Search_Caribbean,22220420,USA,25.00843,-80.45875,Lower Florida Keys,Caribbean,Acropora palmata,7,38.6,420,0
Global_Search_Caribbean,22220420,USA,25.00843,-80.45875,Lower Florida Keys,Caribbean,Acropora palmata,8,38.6,420,0
Global_Search_Caribbean,22220420,USA,25.00843,-80.45875,Lower Florida Keys,Caribbean,Acropora palmata,9,38.6,420,0
Global_Search_Caribbean,22220420,USA,25.00843,-80.45875,Lower Florida Keys,Caribbean,Acropora palmata,10,38.6,420,0
Global_Search_Caribbean,22220420,USA,25.00843,-80.45875,Lower Florida Keys,Caribbean,Acropora palmata,11,38.6,420,0
Global_Search_Caribbean,22220420,USA,25.00843,-80.45875,Lower Florida Keys,Caribbean,Acropora palmata,12,38.6,420,0
Global_Search_Caribbean,22220420,USA,25.00843,-80.45875,Lower Florida Keys,Caribbean,Acropora palmata,1,35.6,420,0.189
Global_Search_Caribbean,22220420,USA,25.00843,-80.45875,Lower Florida Keys,Caribbean,Acropora palmata,2,35.6,420,0.204
Global_Search_Caribbean,22220420,USA,25.00843,-80.45875,Lower Florida Keys,Caribbean,Acropora palmata,3,35.6,420,0.256
Global_Search_Caribbean,22220420,USA,25.00843,-80.45875,Lower Florida Keys,Caribbean,Acropora palmata,4,35.6,420,0.217
Global_Search_Caribbean,22220420,USA,25.00843,-80.45875,Lower Florida Keys,Caribbean,Acropora palmata,5,35.6,420,0.144
Global_Search_Caribbean,22220420,USA,25.00843,-80.45875,Lower Florida Keys,Caribbean,Acropora palmata,6,35.6,420,0.137
Global_Search_Caribbean,22220420,USA,25.00843,-80.45875,Lower Florida Keys,Caribbean,Acropora palmata,7,35.6,420,0.204
Global_Search_Caribbean,22220420,USA,25.00843,-80.45875,Lower Florida Keys,Caribbean,Acropora palmata,8,35.6,420,0.092
Global_Search_Caribbean,22220420,USA,25.00843,-80.45875,Lower Florida Keys,Caribbean,Acropora palmata,9,35.6,420,0.048
Global_Search_Caribbean,22220420,USA,25.00843,-80.45875,Lower Florida Keys,Caribbean,Acropora palmata,10,35.6,420,0.327
Global_Search_Caribbean,22220420,USA,25.00843,-80.45875,Lower Florida Keys,Caribbean,Acropora palmata,11,35.6,420,0.201
Global_Search_Caribbean,22220420,USA,25.00843,-80.45875,Lower Florida Keys,Caribbean,Acropora palmata,12,35.6,420,0.16
Global_Search_Caribbean,22220420,USA,25.00843,-80.45875,Lower Florida Keys,Caribbean,Acropora palmata,1,33.6,420,0.46
Global_Search_Caribbean,22220420,USA,25.00843,-80.45875,Lower Florida Keys,Caribbean,Acropora palmata,2,33.6,420,0.409
Global_Search_Caribbean,22220420,USA,25.00843,-80.45875,Lower Florida Keys,Caribbean,Acropora palmata,3,33.6,420,0.408
Global_Search_Caribbean,22220420,USA,25.00843,-80.45875,Lower Florida Keys,Caribbean,Acropora palmata,4,33.6,420,0.465
Global_Search_Caribbean,22220420,USA,25.00843,-80.45875,Lower Florida Keys,Caribbean,Acropora palmata,5,33.6,420,0.446
Global_Search_Caribbean,22220420,USA,25.00843,-80.45875,Lower Florida Keys,Caribbean,Acropora palmata,6,33.6,420,0.306
Global_Search_Caribbean,22220420,USA,25.00843,-80.45875,Lower Florida Keys,Caribbean,Acropora palmata,7,33.6,420,0.533
Global_Search_Caribbean,22220420,USA,25.00843,-80.45875,Lower Florida Keys,Caribbean,Acropora palmata,8,33.6,420,0.425
Global_Search_Caribbean,22220420,USA,25.00843,-80.45875,Lower Florida Keys,Caribbean,Acropora palmata,9,33.6,420,0.321
Global_Search_Caribbean,22220420,USA,25.00843,-80.45875,Lower Florida Keys,Caribbean,Acropora palmata,10,33.6,420,0.574
Global_Search_Caribbean,22220420,USA,25.00843,-80.45875,Lower Florida Keys,Caribbean,Acropora palmata,11,33.6,420,0.35
Global_Search_Caribbean,22220420,USA,25.00843,-80.45875,Lower Florida Keys,Caribbean,Acropora palmata,12,33.6,420,0.534
Global_Search_Caribbean,22220420,USA,25.00843,-80.45875,Lower Florida Keys,Caribbean,Acropora palmata,1,29.6,420,0.567
Global_Search_Caribbean,22220420,USA,25.00843,-80.45875,Lower Florida Keys,Caribbean,Acropora palmata,2,29.6,420,0.524
Global_Search_Caribbean,22220420,USA,25.00843,-80.45875,Lower Florida Keys,Caribbean,Acropora palmata,3,29.6,420,0.534
Global_Search_Caribbean,22220420,USA,25.00843,-80.45875,Lower Florida Keys,Caribbean,Acropora palmata,4,29.6,420,0.558
Global_Search_Caribbean,22220420,USA,25.00843,-80.45875,Lower Florida Keys,Caribbean,Acropora palmata,5,29.6,420,0.576
Global_Search_Caribbean,22220420,USA,25.00843,-80.45875,Lower Florida Keys,Caribbean,Acropora palmata,6,29.6,420,0.519
Global_Search_Caribbean,22220420,USA,25.00843,-80.45875,Lower Florida Keys,Caribbean,Acropora palmata,7,29.6,420,0.563
Global_Search_Caribbean,22220420,USA,25.00843,-80.45875,Lower Florida Keys,Caribbean,Acropora palmata,8,29.6,420,0.527
Global_Search_Caribbean,22220420,USA,25.00843,-80.45875,Lower Florida Keys,Caribbean,Acropora palmata,9,29.6,420,0.558
Global_Search_Caribbean,22220420,USA,25.00843,-80.45875,Lower Florida Keys,Caribbean,Acropora palmata,10,29.6,420,0.535
Global_Search_Caribbean,22220420,USA,25.00843,-80.45875,Lower Florida Keys,Caribbean,Acropora palmata,11,29.6,420,0.58
Global_Search_Caribbean,22220420,USA,25.00843,-80.45875,Lower Florida Keys,Caribbean,Acropora palmata,12,29.6,420,0.549
Global_Search_Caribbean,22220316,USA,18.31822,-64.99104,USVI_Flat,Caribbean,Siderastrea siderea,1,37.5,420,0
Global_Search_Caribbean,22220316,USA,18.31822,-64.99104,USVI_Flat,Caribbean,Siderastrea siderea,2,37.5,420,0.006
Global_Search_Caribbean,22220316,USA,18.31822,-64.99104,USVI_Flat,Caribbean,Siderastrea siderea,3,37.5,420,0.048
Global_Search_Caribbean,22220316,USA,18.31822,-64.99104,USVI_Flat,Caribbean,Siderastrea siderea,4,37.5,420,0
Global_Search_Caribbean,22220316,USA,18.31822,-64.99104,USVI_Flat,Caribbean,Siderastrea siderea,5,37.5,420,0.009
Global_Search_Caribbean,22220316,USA,18.31822,-64.99104,USVI_Flat,Caribbean,Siderastrea siderea,6,37.5,420,0
Global_Search_Caribbean,22220316,USA,18.31822,-64.99104,USVI_Flat,Caribbean,Siderastrea siderea,7,37.5,420,0.007
Global_Search_Caribbean,22220316,USA,18.31822,-64.99104,USVI_Flat,Caribbean,Siderastrea siderea,8,37.5,420,0.009
Global_Search_Caribbean,22220316,USA,18.31822,-64.99104,USVI_Flat,Caribbean,Siderastrea siderea,9,37.5,420,0.011
Global_Search_Caribbean,22220316,USA,18.31822,-64.99104,USVI_Flat,Caribbean,Siderastrea siderea,10,37.5,420,0.026
Global_Search_Caribbean,22220316,USA,18.31822,-64.99104,USVI_Flat,Caribbean,Siderastrea siderea,11,37.5,420,0
Global_Search_Caribbean,22220316,USA,18.31822,-64.99104,USVI_Flat,Caribbean,Siderastrea siderea,1,34.5,420,0.394
Global_Search_Caribbean,22220316,USA,18.31822,-64.99104,USVI_Flat,Caribbean,Siderastrea siderea,2,34.5,420,0.43
Global_Search_Caribbean,22220316,USA,18.31822,-64.99104,USVI_Flat,Caribbean,Siderastrea siderea,3,34.5,420,0.447
Global_Search_Caribbean,22220316,USA,18.31822,-64.99104,USVI_Flat,Caribbean,Siderastrea siderea,4,34.5,420,0.484
Global_Search_Caribbean,22220316,USA,18.31822,-64.99104,USVI_Flat,Caribbean,Siderastrea siderea,5,34.5,420,0.44
Global_Search_Caribbean,22220316,USA,18.31822,-64.99104,USVI_Flat,Caribbean,Siderastrea siderea,6,34.5,420,0.287
Global_Search_Caribbean,22220316,USA,18.31822,-64.99104,USVI_Flat,Caribbean,Siderastrea siderea,7,34.5,420,0.497
Global_Search_Caribbean,22220316,USA,18.31822,-64.99104,USVI_Flat,Caribbean,Siderastrea siderea,8,34.5,420,0.526
Global_Search_Caribbean,22220316,USA,18.31822,-64.99104,USVI_Flat,Caribbean,Siderastrea siderea,9,34.5,420,0.477
Global_Search_Caribbean,22220316,USA,18.31822,-64.99104,USVI_Flat,Caribbean,Siderastrea siderea,10,34.5,420,0.514
Global_Search_Caribbean,22220316,USA,18.31822,-64.99104,USVI_Flat,Caribbean,Siderastrea siderea,11,34.5,420,0.492
Global_Search_Caribbean,22220316,USA,18.31822,-64.99104,USVI_Flat,Caribbean,Siderastrea siderea,1,32.5,420,0.497
Global_Search_Caribbean,22220316,USA,18.31822,-64.99104,USVI_Flat,Caribbean,Siderastrea siderea,2,32.5,420,0.541
Global_Search_Caribbean,22220316,USA,18.31822,-64.99104,USVI_Flat,Caribbean,Siderastrea siderea,3,32.5,420,0.514
Global_Search_Caribbean,22220316,USA,18.31822,-64.99104,USVI_Flat,Caribbean,Siderastrea siderea,4,32.5,420,0.493
Global_Search_Caribbean,22220316,USA,18.31822,-64.99104,USVI_Flat,Caribbean,Siderastrea siderea,5,32.5,420,0.539
Global_Search_Caribbean,22220316,USA,18.31822,-64.99104,USVI_Flat,Caribbean,Siderastrea siderea,6,32.5,420,0.542
Global_Search_Caribbean,22220316,USA,18.31822,-64.99104,USVI_Flat,Caribbean,Siderastrea siderea,7,32.5,420,0.527
Global_Search_Caribbean,22220316,USA,18.31822,-64.99104,USVI_Flat,Caribbean,Siderastrea siderea,8,32.5,420,0.614
Global_Search_Caribbean,22220316,USA,18.31822,-64.99104,USVI_Flat,Caribbean,Siderastrea siderea,9,32.5,420,0.576
Global_Search_Caribbean,22220316,USA,18.31822,-64.99104,USVI_Flat,Caribbean,Siderastrea siderea,10,32.5,420,0.618
Global_Search_Caribbean,22220316,USA,18.31822,-64.99104,USVI_Flat,Caribbean,Siderastrea siderea,11,32.5,420,0.566
Global_Search_Caribbean,22220316,USA,18.31822,-64.99104,USVI_Flat,Caribbean,Siderastrea siderea,1,28.5,420,0.499
Global_Search_Caribbean,22220316,USA,18.31822,-64.99104,USVI_Flat,Caribbean,Siderastrea siderea,2,28.5,420,0.551
Global_Search_Caribbean,22220316,USA,18.31822,-64.99104,USVI_Flat,Caribbean,Siderastrea siderea,3,28.5,420,0.544
Global_Search_Caribbean,22220316,USA,18.31822,-64.99104,USVI_Flat,Caribbean,Siderastrea siderea,4,28.5,420,0.503
Global_Search_Caribbean,22220316,USA,18.31822,-64.99104,USVI_Flat,Caribbean,Siderastrea siderea,5,28.5,420,0.514
Global_Search_Caribbean,22220316,USA,18.31822,-64.99104,USVI_Flat,Caribbean,Siderastrea siderea,6,28.5,420,0.399
Global_Search_Caribbean,22220316,USA,18.31822,-64.99104,USVI_Flat,Caribbean,Siderastrea siderea,7,28.5,420,0.517
Global_Search_Caribbean,22220316,USA,18.31822,-64.99104,USVI_Flat,Caribbean,Siderastrea siderea,8,28.5,420,0.587
Global_Search_Caribbean,22220316,USA,18.31822,-64.99104,USVI_Flat,Caribbean,Siderastrea siderea,9,28.5,420,0.581
Global_Search_Caribbean,22220316,USA,18.31822,-64.99104,USVI_Flat,Caribbean,Siderastrea siderea,10,28.5,420,0.552
Global_Search_Caribbean,22220316,USA,18.31822,-64.99104,USVI_Flat,Caribbean,Siderastrea siderea,11,28.5,420,0.438
Global_Search_Caribbean,22220315,USA,18.31822,-64.99104,USVI_Flat,Caribbean,Porites astreoides,1,37.5,420,0.099
Global_Search_Caribbean,22220315,USA,18.31822,-64.99104,USVI_Flat,Caribbean,Porites astreoides,2,37.5,420,0.12
Global_Search_Caribbean,22220315,USA,18.31822,-64.99104,USVI_Flat,Caribbean,Porites astreoides,3,37.5,420,0
Global_Search_Caribbean,22220315,USA,18.31822,-64.99104,USVI_Flat,Caribbean,Porites astreoides,4,37.5,420,0
Global_Search_Caribbean,22220315,USA,18.31822,-64.99104,USVI_Flat,Caribbean,Porites astreoides,5,37.5,420,0.125
Global_Search_Caribbean,22220315,USA,18.31822,-64.99104,USVI_Flat,Caribbean,Porites astreoides,6,37.5,420,0
Global_Search_Caribbean,22220315,USA,18.31822,-64.99104,USVI_Flat,Caribbean,Porites astreoides,7,37.5,420,0.125
Global_Search_Caribbean,22220315,USA,18.31822,-64.99104,USVI_Flat,Caribbean,Porites astreoides,8,37.5,420,0.014
Global_Search_Caribbean,22220315,USA,18.31822,-64.99104,USVI_Flat,Caribbean,Porites astreoides,9,37.5,420,0
Global_Search_Caribbean,22220315,USA,18.31822,-64.99104,USVI_Flat,Caribbean,Porites astreoides,10,37.5,420,0
Global_Search_Caribbean,22220315,USA,18.31822,-64.99104,USVI_Flat,Caribbean,Porites astreoides,11,37.5,420,0
Global_Search_Caribbean,22220315,USA,18.31822,-64.99104,USVI_Flat,Caribbean,Porites astreoides,12,37.5,420,0
Global_Search_Caribbean,22220315,USA,18.31822,-64.99104,USVI_Flat,Caribbean,Porites astreoides,1,34.5,420,0.371
Global_Search_Caribbean,22220315,USA,18.31822,-64.99104,USVI_Flat,Caribbean,Porites astreoides,2,34.5,420,0.303
Global_Search_Caribbean,22220315,USA,18.31822,-64.99104,USVI_Flat,Caribbean,Porites astreoides,3,34.5,420,0.194
Global_Search_Caribbean,22220315,USA,18.31822,-64.99104,USVI_Flat,Caribbean,Porites astreoides,4,34.5,420,0.367
Global_Search_Caribbean,22220315,USA,18.31822,-64.99104,USVI_Flat,Caribbean,Porites astreoides,5,34.5,420,0.28
Global_Search_Caribbean,22220315,USA,18.31822,-64.99104,USVI_Flat,Caribbean,Porites astreoides,6,34.5,420,0.272
Global_Search_Caribbean,22220315,USA,18.31822,-64.99104,USVI_Flat,Caribbean,Porites astreoides,7,34.5,420,0.238
Global_Search_Caribbean,22220315,USA,18.31822,-64.99104,USVI_Flat,Caribbean,Porites astreoides,8,34.5,420,0.447
Global_Search_Caribbean,22220315,USA,18.31822,-64.99104,USVI_Flat,Caribbean,Porites astreoides,9,34.5,420,0.391
Global_Search_Caribbean,22220315,USA,18.31822,-64.99104,USVI_Flat,Caribbean,Porites astreoides,10,34.5,420,0.221
Global_Search_Caribbean,22220315,USA,18.31822,-64.99104,USVI_Flat,Caribbean,Porites astreoides,11,34.5,420,0.357
Global_Search_Caribbean,22220315,USA,18.31822,-64.99104,USVI_Flat,Caribbean,Porites astreoides,12,34.5,420,0.261
Global_Search_Caribbean,22220315,USA,18.31822,-64.99104,USVI_Flat,Caribbean,Porites astreoides,1,32.5,420,0.477
Global_Search_Caribbean,22220315,USA,18.31822,-64.99104,USVI_Flat,Caribbean,Porites astreoides,2,32.5,420,0.481
Global_Search_Caribbean,22220315,USA,18.31822,-64.99104,USVI_Flat,Caribbean,Porites astreoides,3,32.5,420,0.496
Global_Search_Caribbean,22220315,USA,18.31822,-64.99104,USVI_Flat,Caribbean,Porites astreoides,4,32.5,420,0.435
Global_Search_Caribbean,22220315,USA,18.31822,-64.99104,USVI_Flat,Caribbean,Porites astreoides,5,32.5,420,0.342
Global_Search_Caribbean,22220315,USA,18.31822,-64.99104,USVI_Flat,Caribbean,Porites astreoides,6,32.5,420,0.474
Global_Search_Caribbean,22220315,USA,18.31822,-64.99104,USVI_Flat,Caribbean,Porites astreoides,7,32.5,420,0.506
Global_Search_Caribbean,22220315,USA,18.31822,-64.99104,USVI_Flat,Caribbean,Porites astreoides,8,32.5,420,0.511
Global_Search_Caribbean,22220315,USA,18.31822,-64.99104,USVI_Flat,Caribbean,Porites astreoides,9,32.5,420,0.547
Global_Search_Caribbean,22220315,USA,18.31822,-64.99104,USVI_Flat,Caribbean,Porites astreoides,10,32.5,420,0.542
Global_Search_Caribbean,22220315,USA,18.31822,-64.99104,USVI_Flat,Caribbean,Porites astreoides,11,32.5,420,0.543
Global_Search_Caribbean,22220315,USA,18.31822,-64.99104,USVI_Flat,Caribbean,Porites astreoides,12,32.5,420,0.556
Global_Search_Caribbean,22220315,USA,18.31822,-64.99104,USVI_Flat,Caribbean,Porites astreoides,1,28.5,420,0.582
Global_Search_Caribbean,22220315,USA,18.31822,-64.99104,USVI_Flat,Caribbean,Porites astreoides,2,28.5,420,0.578
Global_Search_Caribbean,22220315,USA,18.31822,-64.99104,USVI_Flat,Caribbean,Porites astreoides,3,28.5,420,0.469
Global_Search_Caribbean,22220315,USA,18.31822,-64.99104,USVI_Flat,Caribbean,Porites astreoides,4,28.5,420,0.51
Global_Search_Caribbean,22220315,USA,18.31822,-64.99104,USVI_Flat,Caribbean,Porites astreoides,5,28.5,420,0.543
Global_Search_Caribbean,22220315,USA,18.31822,-64.99104,USVI_Flat,Caribbean,Porites astreoides,6,28.5,420,0.542
Global_Search_Caribbean,22220315,USA,18.31822,-64.99104,USVI_Flat,Caribbean,Porites astreoides,7,28.5,420,0.514
Global_Search_Caribbean,22220315,USA,18.31822,-64.99104,USVI_Flat,Caribbean,Porites astreoides,8,28.5,420,0.539
Global_Search_Caribbean,22220315,USA,18.31822,-64.99104,USVI_Flat,Caribbean,Porites astreoides,9,28.5,420,0.538
Global_Search_Caribbean,22220315,USA,18.31822,-64.99104,USVI_Flat,Caribbean,Porites astreoides,10,28.5,420,0.575
Global_Search_Caribbean,22220315,USA,18.31822,-64.99104,USVI_Flat,Caribbean,Porites astreoides,11,28.5,420,0.558
Global_Search_Caribbean,22220315,USA,18.31822,-64.99104,USVI_Flat,Caribbean,Porites astreoides,12,28.5,420,0.562
Global_Search_Caribbean,22220312,USA,18.31822,-64.99104,USVI_Flat,Caribbean,Orbicella faveolata,1,37.5,420,0.15
Global_Search_Caribbean,22220312,USA,18.31822,-64.99104,USVI_Flat,Caribbean,Orbicella faveolata,2,37.5,420,0.005
Global_Search_Caribbean,22220312,USA,18.31822,-64.99104,USVI_Flat,Caribbean,Orbicella faveolata,3,37.5,420,0
Global_Search_Caribbean,22220312,USA,18.31822,-64.99104,USVI_Flat,Caribbean,Orbicella faveolata,4,37.5,420,0
Global_Search_Caribbean,22220312,USA,18.31822,-64.99104,USVI_Flat,Caribbean,Orbicella faveolata,5,37.5,420,0.012
Global_Search_Caribbean,22220312,USA,18.31822,-64.99104,USVI_Flat,Caribbean,Orbicella faveolata,6,37.5,420,0.03
Global_Search_Caribbean,22220312,USA,18.31822,-64.99104,USVI_Flat,Caribbean,Orbicella faveolata,7,37.5,420,0.029
Global_Search_Caribbean,22220312,USA,18.31822,-64.99104,USVI_Flat,Caribbean,Orbicella faveolata,8,37.5,420,0.143
Global_Search_Caribbean,22220312,USA,18.31822,-64.99104,USVI_Flat,Caribbean,Orbicella faveolata,9,37.5,420,0.064
Global_Search_Caribbean,22220312,USA,18.31822,-64.99104,USVI_Flat,Caribbean,Orbicella faveolata,10,37.5,420,0
Global_Search_Caribbean,22220312,USA,18.31822,-64.99104,USVI_Flat,Caribbean,Orbicella faveolata,11,37.5,420,0.148
Global_Search_Caribbean,22220312,USA,18.31822,-64.99104,USVI_Flat,Caribbean,Orbicella faveolata,1,34.5,420,0.144
Global_Search_Caribbean,22220312,USA,18.31822,-64.99104,USVI_Flat,Caribbean,Orbicella faveolata,2,34.5,420,0.172
Global_Search_Caribbean,22220312,USA,18.31822,-64.99104,USVI_Flat,Caribbean,Orbicella faveolata,3,34.5,420,0.226
Global_Search_Caribbean,22220312,USA,18.31822,-64.99104,USVI_Flat,Caribbean,Orbicella faveolata,4,34.5,420,0.34
Global_Search_Caribbean,22220312,USA,18.31822,-64.99104,USVI_Flat,Caribbean,Orbicella faveolata,5,34.5,420,0.167
Global_Search_Caribbean,22220312,USA,18.31822,-64.99104,USVI_Flat,Caribbean,Orbicella faveolata,6,34.5,420,0.363
Global_Search_Caribbean,22220312,USA,18.31822,-64.99104,USVI_Flat,Caribbean,Orbicella faveolata,7,34.5,420,0.293
Global_Search_Caribbean,22220312,USA,18.31822,-64.99104,USVI_Flat,Caribbean,Orbicella faveolata,8,34.5,420,0.404
Global_Search_Caribbean,22220312,USA,18.31822,-64.99104,USVI_Flat,Caribbean,Orbicella faveolata,9,34.5,420,0.273
Global_Search_Caribbean,22220312,USA,18.31822,-64.99104,USVI_Flat,Caribbean,Orbicella faveolata,10,34.5,420,0.153
Global_Search_Caribbean,22220312,USA,18.31822,-64.99104,USVI_Flat,Caribbean,Orbicella faveolata,11,34.5,420,0.175
Global_Search_Caribbean,22220312,USA,18.31822,-64.99104,USVI_Flat,Caribbean,Orbicella faveolata,1,32.5,420,0.472
Global_Search_Caribbean,22220312,USA,18.31822,-64.99104,USVI_Flat,Caribbean,Orbicella faveolata,2,32.5,420,0.341
Global_Search_Caribbean,22220312,USA,18.31822,-64.99104,USVI_Flat,Caribbean,Orbicella faveolata,3,32.5,420,0.31
Global_Search_Caribbean,22220312,USA,18.31822,-64.99104,USVI_Flat,Caribbean,Orbicella faveolata,4,32.5,420,0.395
Global_Search_Caribbean,22220312,USA,18.31822,-64.99104,USVI_Flat,Caribbean,Orbicella faveolata,5,32.5,420,0.375
Global_Search_Caribbean,22220312,USA,18.31822,-64.99104,USVI_Flat,Caribbean,Orbicella faveolata,6,32.5,420,0.478
Global_Search_Caribbean,22220312,USA,18.31822,-64.99104,USVI_Flat,Caribbean,Orbicella faveolata,7,32.5,420,0.471
Global_Search_Caribbean,22220312,USA,18.31822,-64.99104,USVI_Flat,Caribbean,Orbicella faveolata,8,32.5,420,0.456
Global_Search_Caribbean,22220312,USA,18.31822,-64.99104,USVI_Flat,Caribbean,Orbicella faveolata,9,32.5,420,0.443
Global_Search_Caribbean,22220312,USA,18.31822,-64.99104,USVI_Flat,Caribbean,Orbicella faveolata,10,32.5,420,0.563
Global_Search_Caribbean,22220312,USA,18.31822,-64.99104,USVI_Flat,Caribbean,Orbicella faveolata,11,32.5,420,0.444
Global_Search_Caribbean,22220312,USA,18.31822,-64.99104,USVI_Flat,Caribbean,Orbicella faveolata,1,28.5,420,0.508
Global_Search_Caribbean,22220312,USA,18.31822,-64.99104,USVI_Flat,Caribbean,Orbicella faveolata,2,28.5,420,0.51
Global_Search_Caribbean,22220312,USA,18.31822,-64.99104,USVI_Flat,Caribbean,Orbicella faveolata,3,28.5,420,0.525
Global_Search_Caribbean,22220312,USA,18.31822,-64.99104,USVI_Flat,Caribbean,Orbicella faveolata,4,28.5,420,0.528
Global_Search_Caribbean,22220312,USA,18.31822,-64.99104,USVI_Flat,Caribbean,Orbicella faveolata,5,28.5,420,0.488
Global_Search_Caribbean,22220312,USA,18.31822,-64.99104,USVI_Flat,Caribbean,Orbicella faveolata,6,28.5,420,0.527
Global_Search_Caribbean,22220312,USA,18.31822,-64.99104,USVI_Flat,Caribbean,Orbicella faveolata,7,28.5,420,0.565
Global_Search_Caribbean,22220312,USA,18.31822,-64.99104,USVI_Flat,Caribbean,Orbicella faveolata,8,28.5,420,0.549
Global_Search_Caribbean,22220312,USA,18.31822,-64.99104,USVI_Flat,Caribbean,Orbicella faveolata,9,28.5,420,0.531
Global_Search_Caribbean,22220312,USA,18.31822,-64.99104,USVI_Flat,Caribbean,Orbicella faveolata,10,28.5,420,0.566
Global_Search_Caribbean,22220312,USA,18.31822,-64.99104,USVI_Flat,Caribbean,Orbicella faveolata,11,28.5,420,0.522
Global_Search_Caribbean,22220310,USA,18.31822,-64.99104,USVI_Flat,Caribbean,Acropora palmata,1,37.5,420,0
Global_Search_Caribbean,22220310,USA,18.31822,-64.99104,USVI_Flat,Caribbean,Acropora palmata,2,37.5,420,0
Global_Search_Caribbean,22220310,USA,18.31822,-64.99104,USVI_Flat,Caribbean,Acropora palmata,3,37.5,420,0
Global_Search_Caribbean,22220310,USA,18.31822,-64.99104,USVI_Flat,Caribbean,Acropora palmata,4,37.5,420,0
Global_Search_Caribbean,22220310,USA,18.31822,-64.99104,USVI_Flat,Caribbean,Acropora palmata,5,37.5,420,0
Global_Search_Caribbean,22220310,USA,18.31822,-64.99104,USVI_Flat,Caribbean,Acropora palmata,6,37.5,420,0
Global_Search_Caribbean,22220310,USA,18.31822,-64.99104,USVI_Flat,Caribbean,Acropora palmata,7,37.5,420,0
Global_Search_Caribbean,22220310,USA,18.31822,-64.99104,USVI_Flat,Caribbean,Acropora palmata,8,37.5,420,0
Global_Search_Caribbean,22220310,USA,18.31822,-64.99104,USVI_Flat,Caribbean,Acropora palmata,9,37.5,420,0
Global_Search_Caribbean,22220310,USA,18.31822,-64.99104,USVI_Flat,Caribbean,Acropora palmata,10,37.5,420,0
Global_Search_Caribbean,22220310,USA,18.31822,-64.99104,USVI_Flat,Caribbean,Acropora palmata,11,37.5,420,0
Global_Search_Caribbean,22220310,USA,18.31822,-64.99104,USVI_Flat,Caribbean,Acropora palmata,12,37.5,420,0
Global_Search_Caribbean,22220310,USA,18.31822,-64.99104,USVI_Flat,Caribbean,Acropora palmata,13,37.5,420,0
Global_Search_Caribbean,22220310,USA,18.31822,-64.99104,USVI_Flat,Caribbean,Acropora palmata,14,37.5,420,0
Global_Search_Caribbean,22220310,USA,18.31822,-64.99104,USVI_Flat,Caribbean,Acropora palmata,1,34.5,420,0.474
Global_Search_Caribbean,22220310,USA,18.31822,-64.99104,USVI_Flat,Caribbean,Acropora palmata,2,34.5,420,0.452
Global_Search_Caribbean,22220310,USA,18.31822,-64.99104,USVI_Flat,Caribbean,Acropora palmata,3,34.5,420,0.473
Global_Search_Caribbean,22220310,USA,18.31822,-64.99104,USVI_Flat,Caribbean,Acropora palmata,4,34.5,420,0.462
Global_Search_Caribbean,22220310,USA,18.31822,-64.99104,USVI_Flat,Caribbean,Acropora palmata,5,34.5,420,0.488
Global_Search_Caribbean,22220310,USA,18.31822,-64.99104,USVI_Flat,Caribbean,Acropora palmata,6,34.5,420,0.48
Global_Search_Caribbean,22220310,USA,18.31822,-64.99104,USVI_Flat,Caribbean,Acropora palmata,7,34.5,420,0.509
Global_Search_Caribbean,22220310,USA,18.31822,-64.99104,USVI_Flat,Caribbean,Acropora palmata,8,34.5,420,0.411
Global_Search_Caribbean,22220310,USA,18.31822,-64.99104,USVI_Flat,Caribbean,Acropora palmata,9,34.5,420,0.446
Global_Search_Caribbean,22220310,USA,18.31822,-64.99104,USVI_Flat,Caribbean,Acropora palmata,10,34.5,420,0.479
Global_Search_Caribbean,22220310,USA,18.31822,-64.99104,USVI_Flat,Caribbean,Acropora palmata,11,34.5,420,0.513
Global_Search_Caribbean,22220310,USA,18.31822,-64.99104,USVI_Flat,Caribbean,Acropora palmata,12,34.5,420,0.522
Global_Search_Caribbean,22220310,USA,18.31822,-64.99104,USVI_Flat,Caribbean,Acropora palmata,13,34.5,420,0.514
Global_Search_Caribbean,22220310,USA,18.31822,-64.99104,USVI_Flat,Caribbean,Acropora palmata,14,34.5,420,0.493
Global_Search_Caribbean,22220310,USA,18.31822,-64.99104,USVI_Flat,Caribbean,Acropora palmata,1,32.5,420,0.502
Global_Search_Caribbean,22220310,USA,18.31822,-64.99104,USVI_Flat,Caribbean,Acropora palmata,2,32.5,420,0.486
Global_Search_Caribbean,22220310,USA,18.31822,-64.99104,USVI_Flat,Caribbean,Acropora palmata,3,32.5,420,0.55
Global_Search_Caribbean,22220310,USA,18.31822,-64.99104,USVI_Flat,Caribbean,Acropora palmata,4,32.5,420,0.584
Global_Search_Caribbean,22220310,USA,18.31822,-64.99104,USVI_Flat,Caribbean,Acropora palmata,5,32.5,420,0.544
Global_Search_Caribbean,22220310,USA,18.31822,-64.99104,USVI_Flat,Caribbean,Acropora palmata,6,32.5,420,0.519
Global_Search_Caribbean,22220310,USA,18.31822,-64.99104,USVI_Flat,Caribbean,Acropora palmata,7,32.5,420,0.555
Global_Search_Caribbean,22220310,USA,18.31822,-64.99104,USVI_Flat,Caribbean,Acropora palmata,8,32.5,420,0.486
Global_Search_Caribbean,22220310,USA,18.31822,-64.99104,USVI_Flat,Caribbean,Acropora palmata,9,32.5,420,0.532
Global_Search_Caribbean,22220310,USA,18.31822,-64.99104,USVI_Flat,Caribbean,Acropora palmata,10,32.5,420,0.59
Global_Search_Caribbean,22220310,USA,18.31822,-64.99104,USVI_Flat,Caribbean,Acropora palmata,11,32.5,420,0.526
Global_Search_Caribbean,22220310,USA,18.31822,-64.99104,USVI_Flat,Caribbean,Acropora palmata,12,32.5,420,0.556
Global_Search_Caribbean,22220310,USA,18.31822,-64.99104,USVI_Flat,Caribbean,Acropora palmata,13,32.5,420,0.578
Global_Search_Caribbean,22220310,USA,18.31822,-64.99104,USVI_Flat,Caribbean,Acropora palmata,14,32.5,420,0.546
Global_Search_Caribbean,22220310,USA,18.31822,-64.99104,USVI_Flat,Caribbean,Acropora palmata,1,28.5,420,0.565
Global_Search_Caribbean,22220310,USA,18.31822,-64.99104,USVI_Flat,Caribbean,Acropora palmata,2,28.5,420,0.518
Global_Search_Caribbean,22220310,USA,18.31822,-64.99104,USVI_Flat,Caribbean,Acropora palmata,3,28.5,420,0.54
Global_Search_Caribbean,22220310,USA,18.31822,-64.99104,USVI_Flat,Caribbean,Acropora palmata,4,28.5,420,0.587
Global_Search_Caribbean,22220310,USA,18.31822,-64.99104,USVI_Flat,Caribbean,Acropora palmata,5,28.5,420,0.565
Global_Search_Caribbean,22220310,USA,18.31822,-64.99104,USVI_Flat,Caribbean,Acropora palmata,6,28.5,420,0.53
Global_Search_Caribbean,22220310,USA,18.31822,-64.99104,USVI_Flat,Caribbean,Acropora palmata,7,28.5,420,0.566
Global_Search_Caribbean,22220310,USA,18.31822,-64.99104,USVI_Flat,Caribbean,Acropora palmata,8,28.5,420,0.533
Global_Search_Caribbean,22220310,USA,18.31822,-64.99104,USVI_Flat,Caribbean,Acropora palmata,9,28.5,420,0.494
Global_Search_Caribbean,22220310,USA,18.31822,-64.99104,USVI_Flat,Caribbean,Acropora palmata,10,28.5,420,0.57
Global_Search_Caribbean,22220310,USA,18.31822,-64.99104,USVI_Flat,Caribbean,Acropora palmata,11,28.5,420,0.566
Global_Search_Caribbean,22220310,USA,18.31822,-64.99104,USVI_Flat,Caribbean,Acropora palmata,12,28.5,420,0.547
Global_Search_Caribbean,22220310,USA,18.31822,-64.99104,USVI_Flat,Caribbean,Acropora palmata,13,28.5,420,0.577
Global_Search_Caribbean,22220310,USA,18.31822,-64.99104,USVI_Flat,Caribbean,Acropora palmata,14,28.5,420,0.555
Global_Search_Caribbean,22220314,USA,18.35674,-64.85381,USVI_Thatch,Caribbean,Siderastrea siderea,1,37.5,420,0.005
Global_Search_Caribbean,22220314,USA,18.35674,-64.85381,USVI_Thatch,Caribbean,Siderastrea siderea,2,37.5,420,0.006
Global_Search_Caribbean,22220314,USA,18.35674,-64.85381,USVI_Thatch,Caribbean,Siderastrea siderea,3,37.5,420,0
Global_Search_Caribbean,22220314,USA,18.35674,-64.85381,USVI_Thatch,Caribbean,Siderastrea siderea,4,37.5,420,0
Global_Search_Caribbean,22220314,USA,18.35674,-64.85381,USVI_Thatch,Caribbean,Siderastrea siderea,5,37.5,420,0.006
Global_Search_Caribbean,22220314,USA,18.35674,-64.85381,USVI_Thatch,Caribbean,Siderastrea siderea,6,37.5,420,0.029
Global_Search_Caribbean,22220314,USA,18.35674,-64.85381,USVI_Thatch,Caribbean,Siderastrea siderea,7,37.5,420,0
Global_Search_Caribbean,22220314,USA,18.35674,-64.85381,USVI_Thatch,Caribbean,Siderastrea siderea,8,37.5,420,0.008
Global_Search_Caribbean,22220314,USA,18.35674,-64.85381,USVI_Thatch,Caribbean,Siderastrea siderea,9,37.5,420,0.049
Global_Search_Caribbean,22220314,USA,18.35674,-64.85381,USVI_Thatch,Caribbean,Siderastrea siderea,10,37.5,420,0.174
Global_Search_Caribbean,22220314,USA,18.35674,-64.85381,USVI_Thatch,Caribbean,Siderastrea siderea,11,37.5,420,0.221
Global_Search_Caribbean,22220314,USA,18.35674,-64.85381,USVI_Thatch,Caribbean,Siderastrea siderea,12,37.5,420,0
Global_Search_Caribbean,22220314,USA,18.35674,-64.85381,USVI_Thatch,Caribbean,Siderastrea siderea,1,34.5,420,0.463
Global_Search_Caribbean,22220314,USA,18.35674,-64.85381,USVI_Thatch,Caribbean,Siderastrea siderea,2,34.5,420,0.426
Global_Search_Caribbean,22220314,USA,18.35674,-64.85381,USVI_Thatch,Caribbean,Siderastrea siderea,3,34.5,420,0.428
Global_Search_Caribbean,22220314,USA,18.35674,-64.85381,USVI_Thatch,Caribbean,Siderastrea siderea,4,34.5,420,0.422
Global_Search_Caribbean,22220314,USA,18.35674,-64.85381,USVI_Thatch,Caribbean,Siderastrea siderea,5,34.5,420,0.462
Global_Search_Caribbean,22220314,USA,18.35674,-64.85381,USVI_Thatch,Caribbean,Siderastrea siderea,6,34.5,420,0.415
Global_Search_Caribbean,22220314,USA,18.35674,-64.85381,USVI_Thatch,Caribbean,Siderastrea siderea,7,34.5,420,0.51
Global_Search_Caribbean,22220314,USA,18.35674,-64.85381,USVI_Thatch,Caribbean,Siderastrea siderea,8,34.5,420,0.472
Global_Search_Caribbean,22220314,USA,18.35674,-64.85381,USVI_Thatch,Caribbean,Siderastrea siderea,9,34.5,420,0.482
Global_Search_Caribbean,22220314,USA,18.35674,-64.85381,USVI_Thatch,Caribbean,Siderastrea siderea,10,34.5,420,0.51
Global_Search_Caribbean,22220314,USA,18.35674,-64.85381,USVI_Thatch,Caribbean,Siderastrea siderea,11,34.5,420,0.5
Global_Search_Caribbean,22220314,USA,18.35674,-64.85381,USVI_Thatch,Caribbean,Siderastrea siderea,12,34.5,420,0.499
Global_Search_Caribbean,22220314,USA,18.35674,-64.85381,USVI_Thatch,Caribbean,Siderastrea siderea,1,32.5,420,0.477
Global_Search_Caribbean,22220314,USA,18.35674,-64.85381,USVI_Thatch,Caribbean,Siderastrea siderea,2,32.5,420,0.521
Global_Search_Caribbean,22220314,USA,18.35674,-64.85381,USVI_Thatch,Caribbean,Siderastrea siderea,3,32.5,420,0.484
Global_Search_Caribbean,22220314,USA,18.35674,-64.85381,USVI_Thatch,Caribbean,Siderastrea siderea,4,32.5,420,0.446
Global_Search_Caribbean,22220314,USA,18.35674,-64.85381,USVI_Thatch,Caribbean,Siderastrea siderea,5,32.5,420,0.498
Global_Search_Caribbean,22220314,USA,18.35674,-64.85381,USVI_Thatch,Caribbean,Siderastrea siderea,6,32.5,420,0.496
Global_Search_Caribbean,22220314,USA,18.35674,-64.85381,USVI_Thatch,Caribbean,Siderastrea siderea,7,32.5,420,0.512
Global_Search_Caribbean,22220314,USA,18.35674,-64.85381,USVI_Thatch,Caribbean,Siderastrea siderea,8,32.5,420,0.496
Global_Search_Caribbean,22220314,USA,18.35674,-64.85381,USVI_Thatch,Caribbean,Siderastrea siderea,9,32.5,420,0.517
Global_Search_Caribbean,22220314,USA,18.35674,-64.85381,USVI_Thatch,Caribbean,Siderastrea siderea,10,32.5,420,0.551
Global_Search_Caribbean,22220314,USA,18.35674,-64.85381,USVI_Thatch,Caribbean,Siderastrea siderea,11,32.5,420,0.502
Global_Search_Caribbean,22220314,USA,18.35674,-64.85381,USVI_Thatch,Caribbean,Siderastrea siderea,12,32.5,420,0.532
Global_Search_Caribbean,22220314,USA,18.35674,-64.85381,USVI_Thatch,Caribbean,Siderastrea siderea,1,28.5,420,0.552
Global_Search_Caribbean,22220314,USA,18.35674,-64.85381,USVI_Thatch,Caribbean,Siderastrea siderea,2,28.5,420,0.544
Global_Search_Caribbean,22220314,USA,18.35674,-64.85381,USVI_Thatch,Caribbean,Siderastrea siderea,3,28.5,420,0.535
Global_Search_Caribbean,22220314,USA,18.35674,-64.85381,USVI_Thatch,Caribbean,Siderastrea siderea,4,28.5,420,0.508
Global_Search_Caribbean,22220314,USA,18.35674,-64.85381,USVI_Thatch,Caribbean,Siderastrea siderea,5,28.5,420,0.544
Global_Search_Caribbean,22220314,USA,18.35674,-64.85381,USVI_Thatch,Caribbean,Siderastrea siderea,6,28.5,420,0.513
Global_Search_Caribbean,22220314,USA,18.35674,-64.85381,USVI_Thatch,Caribbean,Siderastrea siderea,7,28.5,420,0.543
Global_Search_Caribbean,22220314,USA,18.35674,-64.85381,USVI_Thatch,Caribbean,Siderastrea siderea,8,28.5,420,0.544
Global_Search_Caribbean,22220314,USA,18.35674,-64.85381,USVI_Thatch,Caribbean,Siderastrea siderea,9,28.5,420,0.543
Global_Search_Caribbean,22220314,USA,18.35674,-64.85381,USVI_Thatch,Caribbean,Siderastrea siderea,10,28.5,420,0.582
Global_Search_Caribbean,22220314,USA,18.35674,-64.85381,USVI_Thatch,Caribbean,Siderastrea siderea,11,28.5,420,0.585
Global_Search_Caribbean,22220314,USA,18.35674,-64.85381,USVI_Thatch,Caribbean,Siderastrea siderea,12,28.5,420,0.562
Global_Search_Caribbean,22220313,USA,18.35674,-64.85381,USVI_Thatch,Caribbean,Acropora palmata,1,37.5,420,0
Global_Search_Caribbean,22220313,USA,18.35674,-64.85381,USVI_Thatch,Caribbean,Acropora palmata,2,37.5,420,0
Global_Search_Caribbean,22220313,USA,18.35674,-64.85381,USVI_Thatch,Caribbean,Acropora palmata,3,37.5,420,0
Global_Search_Caribbean,22220313,USA,18.35674,-64.85381,USVI_Thatch,Caribbean,Acropora palmata,4,37.5,420,0
Global_Search_Caribbean,22220313,USA,18.35674,-64.85381,USVI_Thatch,Caribbean,Acropora palmata,5,37.5,420,0
Global_Search_Caribbean,22220313,USA,18.35674,-64.85381,USVI_Thatch,Caribbean,Acropora palmata,6,37.5,420,0
Global_Search_Caribbean,22220313,USA,18.35674,-64.85381,USVI_Thatch,Caribbean,Acropora palmata,7,37.5,420,0
Global_Search_Caribbean,22220313,USA,18.35674,-64.85381,USVI_Thatch,Caribbean,Acropora palmata,8,37.5,420,0
Global_Search_Caribbean,22220313,USA,18.35674,-64.85381,USVI_Thatch,Caribbean,Acropora palmata,9,37.5,420,0
Global_Search_Caribbean,22220313,USA,18.35674,-64.85381,USVI_Thatch,Caribbean,Acropora palmata,10,37.5,420,0
Global_Search_Caribbean,22220313,USA,18.35674,-64.85381,USVI_Thatch,Caribbean,Acropora palmata,11,37.5,420,0
Global_Search_Caribbean,22220313,USA,18.35674,-64.85381,USVI_Thatch,Caribbean,Acropora palmata,12,37.5,420,0
Global_Search_Caribbean,22220313,USA,18.35674,-64.85381,USVI_Thatch,Caribbean,Acropora palmata,1,34.5,420,0.456
Global_Search_Caribbean,22220313,USA,18.35674,-64.85381,USVI_Thatch,Caribbean,Acropora palmata,2,34.5,420,0.512
Global_Search_Caribbean,22220313,USA,18.35674,-64.85381,USVI_Thatch,Caribbean,Acropora palmata,3,34.5,420,0.521
Global_Search_Caribbean,22220313,USA,18.35674,-64.85381,USVI_Thatch,Caribbean,Acropora palmata,4,34.5,420,0.508
Global_Search_Caribbean,22220313,USA,18.35674,-64.85381,USVI_Thatch,Caribbean,Acropora palmata,5,34.5,420,0.475
Global_Search_Caribbean,22220313,USA,18.35674,-64.85381,USVI_Thatch,Caribbean,Acropora palmata,6,34.5,420,0.517
Global_Search_Caribbean,22220313,USA,18.35674,-64.85381,USVI_Thatch,Caribbean,Acropora palmata,7,34.5,420,0.531
Global_Search_Caribbean,22220313,USA,18.35674,-64.85381,USVI_Thatch,Caribbean,Acropora palmata,8,34.5,420,0.534
Global_Search_Caribbean,22220313,USA,18.35674,-64.85381,USVI_Thatch,Caribbean,Acropora palmata,9,34.5,420,0.474
Global_Search_Caribbean,22220313,USA,18.35674,-64.85381,USVI_Thatch,Caribbean,Acropora palmata,10,34.5,420,0.376
Global_Search_Caribbean,22220313,USA,18.35674,-64.85381,USVI_Thatch,Caribbean,Acropora palmata,11,34.5,420,0.59
Global_Search_Caribbean,22220313,USA,18.35674,-64.85381,USVI_Thatch,Caribbean,Acropora palmata,12,34.5,420,0.483
Global_Search_Caribbean,22220313,USA,18.35674,-64.85381,USVI_Thatch,Caribbean,Acropora palmata,1,32.5,420,0.579
Global_Search_Caribbean,22220313,USA,18.35674,-64.85381,USVI_Thatch,Caribbean,Acropora palmata,2,32.5,420,0.577
Global_Search_Caribbean,22220313,USA,18.35674,-64.85381,USVI_Thatch,Caribbean,Acropora palmata,3,32.5,420,0.592
Global_Search_Caribbean,22220313,USA,18.35674,-64.85381,USVI_Thatch,Caribbean,Acropora palmata,4,32.5,420,0.53
Global_Search_Caribbean,22220313,USA,18.35674,-64.85381,USVI_Thatch,Caribbean,Acropora palmata,5,32.5,420,0.53
Global_Search_Caribbean,22220313,USA,18.35674,-64.85381,USVI_Thatch,Caribbean,Acropora palmata,6,32.5,420,0.597
Global_Search_Caribbean,22220313,USA,18.35674,-64.85381,USVI_Thatch,Caribbean,Acropora palmata,7,32.5,420,0.578
Global_Search_Caribbean,22220313,USA,18.35674,-64.85381,USVI_Thatch,Caribbean,Acropora palmata,8,32.5,420,0.562
Global_Search_Caribbean,22220313,USA,18.35674,-64.85381,USVI_Thatch,Caribbean,Acropora palmata,9,32.5,420,0.546
Global_Search_Caribbean,22220313,USA,18.35674,-64.85381,USVI_Thatch,Caribbean,Acropora palmata,10,32.5,420,0.534
Global_Search_Caribbean,22220313,USA,18.35674,-64.85381,USVI_Thatch,Caribbean,Acropora palmata,11,32.5,420,0.57
Global_Search_Caribbean,22220313,USA,18.35674,-64.85381,USVI_Thatch,Caribbean,Acropora palmata,12,32.5,420,0.615
Global_Search_Caribbean,22220313,USA,18.35674,-64.85381,USVI_Thatch,Caribbean,Acropora palmata,1,28.5,420,0.568
Global_Search_Caribbean,22220313,USA,18.35674,-64.85381,USVI_Thatch,Caribbean,Acropora palmata,2,28.5,420,0.571
Global_Search_Caribbean,22220313,USA,18.35674,-64.85381,USVI_Thatch,Caribbean,Acropora palmata,3,28.5,420,0.536
Global_Search_Caribbean,22220313,USA,18.35674,-64.85381,USVI_Thatch,Caribbean,Acropora palmata,4,28.5,420,0.534
Global_Search_Caribbean,22220313,USA,18.35674,-64.85381,USVI_Thatch,Caribbean,Acropora palmata,5,28.5,420,0.522
Global_Search_Caribbean,22220313,USA,18.35674,-64.85381,USVI_Thatch,Caribbean,Acropora palmata,6,28.5,420,0.547
Global_Search_Caribbean,22220313,USA,18.35674,-64.85381,USVI_Thatch,Caribbean,Acropora palmata,7,28.5,420,0.567
Global_Search_Caribbean,22220313,USA,18.35674,-64.85381,USVI_Thatch,Caribbean,Acropora palmata,8,28.5,420,0.544
Global_Search_Caribbean,22220313,USA,18.35674,-64.85381,USVI_Thatch,Caribbean,Acropora palmata,9,28.5,420,0.562
Global_Search_Caribbean,22220313,USA,18.35674,-64.85381,USVI_Thatch,Caribbean,Acropora palmata,10,28.5,420,0.566
Global_Search_Caribbean,22220313,USA,18.35674,-64.85381,USVI_Thatch,Caribbean,Acropora palmata,11,28.5,420,0.584
Global_Search_Caribbean,22220313,USA,18.35674,-64.85381,USVI_Thatch,Caribbean,Acropora palmata,12,28.5,420,0.613
Global_Search_Caribbean,22220308,USA,18.35674,-64.85381,USVI_Thatch,Caribbean,Orbicella faveolata,1,37.5,420,0.017
Global_Search_Caribbean,22220308,USA,18.35674,-64.85381,USVI_Thatch,Caribbean,Orbicella faveolata,2,37.5,420,0.034
Global_Search_Caribbean,22220308,USA,18.35674,-64.85381,USVI_Thatch,Caribbean,Orbicella faveolata,3,37.5,420,0.011
Global_Search_Caribbean,22220308,USA,18.35674,-64.85381,USVI_Thatch,Caribbean,Orbicella faveolata,4,37.5,420,0.022
Global_Search_Caribbean,22220308,USA,18.35674,-64.85381,USVI_Thatch,Caribbean,Orbicella faveolata,5,37.5,420,0.001
Global_Search_Caribbean,22220308,USA,18.35674,-64.85381,USVI_Thatch,Caribbean,Orbicella faveolata,6,37.5,420,0.017
Global_Search_Caribbean,22220308,USA,18.35674,-64.85381,USVI_Thatch,Caribbean,Orbicella faveolata,7,37.5,420,0.007
Global_Search_Caribbean,22220308,USA,18.35674,-64.85381,USVI_Thatch,Caribbean,Orbicella faveolata,8,37.5,420,0.007
Global_Search_Caribbean,22220308,USA,18.35674,-64.85381,USVI_Thatch,Caribbean,Orbicella faveolata,9,37.5,420,0.044
Global_Search_Caribbean,22220308,USA,18.35674,-64.85381,USVI_Thatch,Caribbean,Orbicella faveolata,10,37.5,420,0.038
Global_Search_Caribbean,22220308,USA,18.35674,-64.85381,USVI_Thatch,Caribbean,Orbicella faveolata,11,37.5,420,0.026
Global_Search_Caribbean,22220308,USA,18.35674,-64.85381,USVI_Thatch,Caribbean,Orbicella faveolata,12,37.5,420,0.004
Global_Search_Caribbean,22220308,USA,18.35674,-64.85381,USVI_Thatch,Caribbean,Orbicella faveolata,13,37.5,420,0.039
Global_Search_Caribbean,22220308,USA,18.35674,-64.85381,USVI_Thatch,Caribbean,Orbicella faveolata,14,37.5,420,0.153
Global_Search_Caribbean,22220308,USA,18.35674,-64.85381,USVI_Thatch,Caribbean,Orbicella faveolata,15,37.5,420,0
Global_Search_Caribbean,22220308,USA,18.35674,-64.85381,USVI_Thatch,Caribbean,Orbicella faveolata,16,37.5,420,0
Global_Search_Caribbean,22220308,USA,18.35674,-64.85381,USVI_Thatch,Caribbean,Orbicella faveolata,17,37.5,420,0
Global_Search_Caribbean,22220308,USA,18.35674,-64.85381,USVI_Thatch,Caribbean,Orbicella faveolata,1,34.5,420,0.23
Global_Search_Caribbean,22220308,USA,18.35674,-64.85381,USVI_Thatch,Caribbean,Orbicella faveolata,2,34.5,420,0.324
Global_Search_Caribbean,22220308,USA,18.35674,-64.85381,USVI_Thatch,Caribbean,Orbicella faveolata,3,34.5,420,0.27
Global_Search_Caribbean,22220308,USA,18.35674,-64.85381,USVI_Thatch,Caribbean,Orbicella faveolata,4,34.5,420,0.323
Global_Search_Caribbean,22220308,USA,18.35674,-64.85381,USVI_Thatch,Caribbean,Orbicella faveolata,5,34.5,420,0.271
Global_Search_Caribbean,22220308,USA,18.35674,-64.85381,USVI_Thatch,Caribbean,Orbicella faveolata,6,34.5,420,0.391
Global_Search_Caribbean,22220308,USA,18.35674,-64.85381,USVI_Thatch,Caribbean,Orbicella faveolata,7,34.5,420,0.366
Global_Search_Caribbean,22220308,USA,18.35674,-64.85381,USVI_Thatch,Caribbean,Orbicella faveolata,8,34.5,420,0.409
Global_Search_Caribbean,22220308,USA,18.35674,-64.85381,USVI_Thatch,Caribbean,Orbicella faveolata,9,34.5,420,0.411
Global_Search_Caribbean,22220308,USA,18.35674,-64.85381,USVI_Thatch,Caribbean,Orbicella faveolata,10,34.5,420,0.249
Global_Search_Caribbean,22220308,USA,18.35674,-64.85381,USVI_Thatch,Caribbean,Orbicella faveolata,11,34.5,420,0.296
Global_Search_Caribbean,22220308,USA,18.35674,-64.85381,USVI_Thatch,Caribbean,Orbicella faveolata,12,34.5,420,0.442
Global_Search_Caribbean,22220308,USA,18.35674,-64.85381,USVI_Thatch,Caribbean,Orbicella faveolata,13,34.5,420,0.173
Global_Search_Caribbean,22220308,USA,18.35674,-64.85381,USVI_Thatch,Caribbean,Orbicella faveolata,14,34.5,420,0.307
Global_Search_Caribbean,22220308,USA,18.35674,-64.85381,USVI_Thatch,Caribbean,Orbicella faveolata,15,34.5,420,0.398
Global_Search_Caribbean,22220308,USA,18.35674,-64.85381,USVI_Thatch,Caribbean,Orbicella faveolata,16,34.5,420,0.229
Global_Search_Caribbean,22220308,USA,18.35674,-64.85381,USVI_Thatch,Caribbean,Orbicella faveolata,17,34.5,420,0.3
Global_Search_Caribbean,22220308,USA,18.35674,-64.85381,USVI_Thatch,Caribbean,Orbicella faveolata,1,32.5,420,0.473
Global_Search_Caribbean,22220308,USA,18.35674,-64.85381,USVI_Thatch,Caribbean,Orbicella faveolata,2,32.5,420,0.484
Global_Search_Caribbean,22220308,USA,18.35674,-64.85381,USVI_Thatch,Caribbean,Orbicella faveolata,3,32.5,420,0.372
Global_Search_Caribbean,22220308,USA,18.35674,-64.85381,USVI_Thatch,Caribbean,Orbicella faveolata,4,32.5,420,0.541
Global_Search_Caribbean,22220308,USA,18.35674,-64.85381,USVI_Thatch,Caribbean,Orbicella faveolata,5,32.5,420,0.517
Global_Search_Caribbean,22220308,USA,18.35674,-64.85381,USVI_Thatch,Caribbean,Orbicella faveolata,6,32.5,420,0.515
Global_Search_Caribbean,22220308,USA,18.35674,-64.85381,USVI_Thatch,Caribbean,Orbicella faveolata,7,32.5,420,0.575
Global_Search_Caribbean,22220308,USA,18.35674,-64.85381,USVI_Thatch,Caribbean,Orbicella faveolata,8,32.5,420,0.57
Global_Search_Caribbean,22220308,USA,18.35674,-64.85381,USVI_Thatch,Caribbean,Orbicella faveolata,9,32.5,420,0.583
Global_Search_Caribbean,22220308,USA,18.35674,-64.85381,USVI_Thatch,Caribbean,Orbicella faveolata,10,32.5,420,0.563
Global_Search_Caribbean,22220308,USA,18.35674,-64.85381,USVI_Thatch,Caribbean,Orbicella faveolata,11,32.5,420,0.443
Global_Search_Caribbean,22220308,USA,18.35674,-64.85381,USVI_Thatch,Caribbean,Orbicella faveolata,12,32.5,420,0.477
Global_Search_Caribbean,22220308,USA,18.35674,-64.85381,USVI_Thatch,Caribbean,Orbicella faveolata,13,32.5,420,0.493
Global_Search_Caribbean,22220308,USA,18.35674,-64.85381,USVI_Thatch,Caribbean,Orbicella faveolata,14,32.5,420,0.491
Global_Search_Caribbean,22220308,USA,18.35674,-64.85381,USVI_Thatch,Caribbean,Orbicella faveolata,15,32.5,420,0.533
Global_Search_Caribbean,22220308,USA,18.35674,-64.85381,USVI_Thatch,Caribbean,Orbicella faveolata,16,32.5,420,0.471
Global_Search_Caribbean,22220308,USA,18.35674,-64.85381,USVI_Thatch,Caribbean,Orbicella faveolata,17,32.5,420,0.55
Global_Search_Caribbean,22220308,USA,18.35674,-64.85381,USVI_Thatch,Caribbean,Orbicella faveolata,1,28.5,420,0.57
Global_Search_Caribbean,22220308,USA,18.35674,-64.85381,USVI_Thatch,Caribbean,Orbicella faveolata,2,28.5,420,0.572
Global_Search_Caribbean,22220308,USA,18.35674,-64.85381,USVI_Thatch,Caribbean,Orbicella faveolata,3,28.5,420,0.55
Global_Search_Caribbean,22220308,USA,18.35674,-64.85381,USVI_Thatch,Caribbean,Orbicella faveolata,4,28.5,420,0.597
Global_Search_Caribbean,22220308,USA,18.35674,-64.85381,USVI_Thatch,Caribbean,Orbicella faveolata,5,28.5,420,0.516
Global_Search_Caribbean,22220308,USA,18.35674,-64.85381,USVI_Thatch,Caribbean,Orbicella faveolata,6,28.5,420,0.531
Global_Search_Caribbean,22220308,USA,18.35674,-64.85381,USVI_Thatch,Caribbean,Orbicella faveolata,7,28.5,420,0.588
Global_Search_Caribbean,22220308,USA,18.35674,-64.85381,USVI_Thatch,Caribbean,Orbicella faveolata,8,28.5,420,0.508
Global_Search_Caribbean,22220308,USA,18.35674,-64.85381,USVI_Thatch,Caribbean,Orbicella faveolata,9,28.5,420,0.576
Global_Search_Caribbean,22220308,USA,18.35674,-64.85381,USVI_Thatch,Caribbean,Orbicella faveolata,10,28.5,420,0.523
Global_Search_Caribbean,22220308,USA,18.35674,-64.85381,USVI_Thatch,Caribbean,Orbicella faveolata,11,28.5,420,0.561
Global_Search_Caribbean,22220308,USA,18.35674,-64.85381,USVI_Thatch,Caribbean,Orbicella faveolata,12,28.5,420,0.59
Global_Search_Caribbean,22220308,USA,18.35674,-64.85381,USVI_Thatch,Caribbean,Orbicella faveolata,13,28.5,420,0.486
Global_Search_Caribbean,22220308,USA,18.35674,-64.85381,USVI_Thatch,Caribbean,Orbicella faveolata,14,28.5,420,0.502
Global_Search_Caribbean,22220308,USA,18.35674,-64.85381,USVI_Thatch,Caribbean,Orbicella faveolata,15,28.5,420,0.508
Global_Search_Caribbean,22220308,USA,18.35674,-64.85381,USVI_Thatch,Caribbean,Orbicella faveolata,16,28.5,420,0.524
Global_Search_Caribbean,22220308,USA,18.35674,-64.85381,USVI_Thatch,Caribbean,Orbicella faveolata,17,28.5,420,0.575
Global_Search_Caribbean,22220307,USA,18.35674,-64.85381,USVI_Thatch,Caribbean,Porites astreoides,1,37.5,420,0
Global_Search_Caribbean,22220307,USA,18.35674,-64.85381,USVI_Thatch,Caribbean,Porites astreoides,2,37.5,420,0.024
Global_Search_Caribbean,22220307,USA,18.35674,-64.85381,USVI_Thatch,Caribbean,Porites astreoides,3,37.5,420,0
Global_Search_Caribbean,22220307,USA,18.35674,-64.85381,USVI_Thatch,Caribbean,Porites astreoides,4,37.5,420,0.104
Global_Search_Caribbean,22220307,USA,18.35674,-64.85381,USVI_Thatch,Caribbean,Porites astreoides,5,37.5,420,0
Global_Search_Caribbean,22220307,USA,18.35674,-64.85381,USVI_Thatch,Caribbean,Porites astreoides,6,37.5,420,0.025
Global_Search_Caribbean,22220307,USA,18.35674,-64.85381,USVI_Thatch,Caribbean,Porites astreoides,7,37.5,420,0
Global_Search_Caribbean,22220307,USA,18.35674,-64.85381,USVI_Thatch,Caribbean,Porites astreoides,8,37.5,420,0
Global_Search_Caribbean,22220307,USA,18.35674,-64.85381,USVI_Thatch,Caribbean,Porites astreoides,9,37.5,420,0.006
Global_Search_Caribbean,22220307,USA,18.35674,-64.85381,USVI_Thatch,Caribbean,Porites astreoides,10,37.5,420,0
Global_Search_Caribbean,22220307,USA,18.35674,-64.85381,USVI_Thatch,Caribbean,Porites astreoides,11,37.5,420,0
Global_Search_Caribbean,22220307,USA,18.35674,-64.85381,USVI_Thatch,Caribbean,Porites astreoides,12,37.5,420,0.007
Global_Search_Caribbean,22220307,USA,18.35674,-64.85381,USVI_Thatch,Caribbean,Porites astreoides,1,34.5,420,0.274
Global_Search_Caribbean,22220307,USA,18.35674,-64.85381,USVI_Thatch,Caribbean,Porites astreoides,2,34.5,420,0.345
Global_Search_Caribbean,22220307,USA,18.35674,-64.85381,USVI_Thatch,Caribbean,Porites astreoides,3,34.5,420,0.203
Global_Search_Caribbean,22220307,USA,18.35674,-64.85381,USVI_Thatch,Caribbean,Porites astreoides,4,34.5,420,0.166
Global_Search_Caribbean,22220307,USA,18.35674,-64.85381,USVI_Thatch,Caribbean,Porites astreoides,5,34.5,420,0.136
Global_Search_Caribbean,22220307,USA,18.35674,-64.85381,USVI_Thatch,Caribbean,Porites astreoides,6,34.5,420,0.373
Global_Search_Caribbean,22220307,USA,18.35674,-64.85381,USVI_Thatch,Caribbean,Porites astreoides,7,34.5,420,0.167
Global_Search_Caribbean,22220307,USA,18.35674,-64.85381,USVI_Thatch,Caribbean,Porites astreoides,8,34.5,420,0.354
Global_Search_Caribbean,22220307,USA,18.35674,-64.85381,USVI_Thatch,Caribbean,Porites astreoides,9,34.5,420,0.401
Global_Search_Caribbean,22220307,USA,18.35674,-64.85381,USVI_Thatch,Caribbean,Porites astreoides,10,34.5,420,0.301
Global_Search_Caribbean,22220307,USA,18.35674,-64.85381,USVI_Thatch,Caribbean,Porites astreoides,11,34.5,420,0.136
Global_Search_Caribbean,22220307,USA,18.35674,-64.85381,USVI_Thatch,Caribbean,Porites astreoides,12,34.5,420,0.177
Global_Search_Caribbean,22220307,USA,18.35674,-64.85381,USVI_Thatch,Caribbean,Porites astreoides,1,32.5,420,0.366
Global_Search_Caribbean,22220307,USA,18.35674,-64.85381,USVI_Thatch,Caribbean,Porites astreoides,2,32.5,420,0.368
Global_Search_Caribbean,22220307,USA,18.35674,-64.85381,USVI_Thatch,Caribbean,Porites astreoides,3,32.5,420,0.428
Global_Search_Caribbean,22220307,USA,18.35674,-64.85381,USVI_Thatch,Caribbean,Porites astreoides,4,32.5,420,0.345
Global_Search_Caribbean,22220307,USA,18.35674,-64.85381,USVI_Thatch,Caribbean,Porites astreoides,5,32.5,420,0.367
Global_Search_Caribbean,22220307,USA,18.35674,-64.85381,USVI_Thatch,Caribbean,Porites astreoides,6,32.5,420,0.462
Global_Search_Caribbean,22220307,USA,18.35674,-64.85381,USVI_Thatch,Caribbean,Porites astreoides,7,32.5,420,0.347
Global_Search_Caribbean,22220307,USA,18.35674,-64.85381,USVI_Thatch,Caribbean,Porites astreoides,8,32.5,420,0.472
Global_Search_Caribbean,22220307,USA,18.35674,-64.85381,USVI_Thatch,Caribbean,Porites astreoides,9,32.5,420,0.374
Global_Search_Caribbean,22220307,USA,18.35674,-64.85381,USVI_Thatch,Caribbean,Porites astreoides,10,32.5,420,0.31
Global_Search_Caribbean,22220307,USA,18.35674,-64.85381,USVI_Thatch,Caribbean,Porites astreoides,11,32.5,420,0.357
Global_Search_Caribbean,22220307,USA,18.35674,-64.85381,USVI_Thatch,Caribbean,Porites astreoides,12,32.5,420,0.273
Global_Search_Caribbean,22220307,USA,18.35674,-64.85381,USVI_Thatch,Caribbean,Porites astreoides,1,28.5,420,0.464
Global_Search_Caribbean,22220307,USA,18.35674,-64.85381,USVI_Thatch,Caribbean,Porites astreoides,2,28.5,420,0.375
Global_Search_Caribbean,22220307,USA,18.35674,-64.85381,USVI_Thatch,Caribbean,Porites astreoides,3,28.5,420,0.477
Global_Search_Caribbean,22220307,USA,18.35674,-64.85381,USVI_Thatch,Caribbean,Porites astreoides,4,28.5,420,0.461
Global_Search_Caribbean,22220307,USA,18.35674,-64.85381,USVI_Thatch,Caribbean,Porites astreoides,5,28.5,420,0.344
Global_Search_Caribbean,22220307,USA,18.35674,-64.85381,USVI_Thatch,Caribbean,Porites astreoides,6,28.5,420,0.565
Global_Search_Caribbean,22220307,USA,18.35674,-64.85381,USVI_Thatch,Caribbean,Porites astreoides,7,28.5,420,0.576
Global_Search_Caribbean,22220307,USA,18.35674,-64.85381,USVI_Thatch,Caribbean,Porites astreoides,8,28.5,420,0.506
Global_Search_Caribbean,22220307,USA,18.35674,-64.85381,USVI_Thatch,Caribbean,Porites astreoides,9,28.5,420,0.546
Global_Search_Caribbean,22220307,USA,18.35674,-64.85381,USVI_Thatch,Caribbean,Porites astreoides,10,28.5,420,0.563
Global_Search_Caribbean,22220307,USA,18.35674,-64.85381,USVI_Thatch,Caribbean,Porites astreoides,11,28.5,420,0.436
Global_Search_Caribbean,22220307,USA,18.35674,-64.85381,USVI_Thatch,Caribbean,Porites astreoides,12,28.5,420,0.569